index,sentence
0,El capital logrado —como Dios- imponer creencia omnipotencia eternidad capaces aceptar fin mundo nadie parece capaz concebir fin capitalismo
1,Hemos terminado confundir sistema capitalista sístema solar
2,Nosotros Prometeo dispuestos aceptar desafío asaltar sol
3,Thomas Munk Manifiesto capitalismo tecnológico Toda creación lenguaje lenguaje razón inexplicable podemos leer exterior podemos escuchar interior
4,Es digo hecho idiotas
5,Algo pasado muestra inteligencia
6,Mi razonamiento siguiente ensamblajes unen partes Cerebro lenguaje
7,Nosotros partes Cerebro ergo lenguaje
8,¿Por entonces asumimos
9,Ni siquiera sabemos menos realidad externa participamos
10,El origen palabra idiota palabra privado
11,Cada vuelto privado dejado compartir pensamientos comunes Cerebro sólo queda mínimo nivel subliminal conexión
12,Horselover Fat Exégesis Prólogo En proemio Metamorfosis Ovidio indica Mi inspiración lleva hablar figuras transformadas cuerpos nuevos
13,¡Dioses favorables proyectos pues ustedes mismos ocasionaron transformaciones entrelacen poema interrupción albores origen mundo época
14,El cuentero quiere encontrar enlace unidad interrupción fragmentos Metamorfosis transformaciones conectan presente origen mismo universo
15,Nos gusta sucinta manera incluso pedirles dioses surge entrelace
16,Lo une libro figuras transformadas cuerpos nuevos
17,1/ El año 2028 Despierta Alice susurra Alfred caricias
18,No déjala duerma interviene Trilcinea protegiendo amiga defensora insobornable amoroso cancerbero sueños Alice Mar
19,Un ángel mecánico eleva noche observa
20,Y ve cuantos hombres caminan oscuridad ve vacío parece inacabable extiende cuatro puntos cardinales tierras barbechas verjas desatendidas riachuelos nuevos bosques espontáneos llanos yerba todas enredaderas concebibles dejando atrás pocos hornos hogueras tejen luz noche vez luchan precarios monte surcos superficiales implementos madera apenas rascan tierra árida altura puede ver medio lares agrícolas campos gigantes vaciados campos desertados año dos pos Veces tierra recupere fertilidad modo natural chozas bloque madera zinc paneles solares rodeadas alambre púa Jardines veces adentro palizada puede ver batey cocinas leña lados aldeas dispersas pueblos ruinas retomados verde centros comerciales reutilizados fortalezas desiertos esqueleto edificios Compañías americanas abandonaron isla tan pronto precarizó comercio 13 calles ruina iglesias doscientos años ahora albergan encuentre plazas pueblos vacías décadas ahora herreros carpinteros costureros artesanos pueblo caminitos acaban montañas valles soledad ruinas llegar área metropolitana única luz eléctrica sobrepoblada luces pestañean parecen echarle guiños oscuridad arropa afueras suburbios metropolitanos puede ver docena familias ricas escondidas murallas defendidas armas pueblo amurallado militarizado mantener resto población afuera luego ciudad caótica desbordada acompañada acompasada apagones constantes ritmo recordatorio mundo petróleo terminará tos organismo avejentado sobrevive apenas respiración artificial
21,El ángel mecánico drone observa altura Puerto Rico año 2028
22,Pero bien duerma ahí Trilci
23,Mira problemas sueño
24,Alice despierta
25,Va baño
26,Se arregla nariz
27,Y vuelve súper dispuesta
28,Y ganas bailar
29,Están bar medio hipster medio decadente Santurce queda unas cuadras
30,Alice Trilce dicen Alfred venga bailar
31,Alfred recién acaba llegar después preparar clases mañana nueve noche ganas
32,Trata poner cara serio
33,Chicas preocupado
34,¿Y quién grita respuesta cualquiera
35,Les cuenta apagones falta comida sino escuchando voces nuevo
36,Ambas ignoran
37,Alfred quería quedarse casa leyendo
38,Alice 14 comienza par horas turno noche cocina/bar dos cuadras tampoco quería salir
39,Trilci entra trabajo mañana siete media novio gringo odia Puerto Rico prefiere encerrarse casa leer tampoco quería salir
40,En fin ninguno tres quería allí une
41,De manera Alice convence Trilci salgan quiere lidiar Alfred sola sabiendo Trilci búsqueda cualquier excusa casa
42,Pero Trilci vivió Alfred años atrás puede tolerar pendejadas Alfred menos mismas razones incapaz tolerar justas soledades novio
43,Así Trilcinea llamó Jefe invitó jangueo garantizándole dos cosas primero Alfred muy mal necesita sabía certeza imaginaba cortesía tono voz Alice segundo Alfred quería tener sesiones grabación continuando tradición difunto amigo Profesor O progresaba libro conversaciones llamaba cursísimo Conversaciones colapso modernidad
44,Todo chantaje piensan/saben tres
45,Yo
46,Yo sé dicen mismos quieren acompañarse compañía frente apagones
47,Y Alfred vuelve abrir boca
48,Vienen lugares chiquitos
49,Por ejemplo revisé botiquín mañana seis voces provenían esquina botiquín
50,Alice desespera
51,Ay Alfred seis mañana siempre escucho voces cabeza nomás ignoro
52,Trilci experta dinámicas relación A cambia tema
53,15 Alice ¿cómo debe ser raro cambio
54,Caja cambios cambios grandes cambios chiquitos carajo trabajando bar isla cocina borrachos
55,Y veces necesaria intervención
56,Los amigos tienden repetir misma conversación alguien trata detener inercia
57,Pues
58,Me divierto
59,Y aun así gano Alfred
60,Alfred derrotado va baño arreglarse nariz vuelve pasa chicas sobrecitos individuales
61,Eso justifica patético hombría jamás admitiría palabra
62,Si incapaz interesar mujer ama mujer amó menos puede proveer sustancias ser sustancial manera isla desbordada drogas sobrepoblada drogas
63,Cuando cerraron puertos toda cocaína colombiana heroína traían militares Afganistán marihuana producida localmente pastillas farmacéuticas cargamento ruta Estados Unidos quedó ahí comprador
64,Lo único abunda isla panóptica drogas
65,Trilci vuelve baño oscuridad apagón
66,Se queja polvo muy fuerte gusta claro decía gustaba perico acabó mitad sobrecito golpe pone armar blunt
67,Hablan escuela trabajan Alfred Trilci hablan poesía terquedad puertorriqueños seguir escribiendo poesía pesar isla hundiendo
68,Alice dice Trile admira cómo gusta leer escritores jóvenes cuesta leer jóvenes gusta hacen editoriales improvisadas desmadre cuesta leerlos entiende entristece
69,16 barrio pidió encendedor así encendedor
70,Alice recuerda nunca podía confiar Jefe Profesor O gente vivía calle regalaban
71,Una vez O volvió bar zapatos luego salir fumar cigarrillo vagabundo conocía convenció necesitaba mientras Jefe asentía confirmando pendejo historia amigo
72,Chicas perdonen interrumpa
73,Pero realmente contarle alguien
74,Cada día peor
75,Ahora mismo abrir cerveza escuché nuevo
76,Me interrumpen vida
77,Cómo puedo enseñar cómo puedo participar asambleas si volviendo loco
78,Alice saca bolso botellón compota berenjenas avinagradas ordena Alfred intercambie cervezas bar mientras reparte sobra mesas gente hambre
79,Trilci respira hondo
80,Piensa novio gringo solo casa obstinadamente leyendo Platón probablemente hambre
81,Luego Alfred aprovecha Alice pone hablar desconocidos sirve compota confrontar Trilci
82,Yo entiendo Alice quiera escuchar
83,Está harta ¿por tampoco escuchas
84,¿Acaso preocupas
85,¿Acaso amiga
86,Chantaje
87,Bueno pues dale
88,¿Cuándo empezaste oír voces lugares chiquitos
89,Pues murió O. Listo
90,Resuelto problema
91,Tú leíste Freud
92,Haz trabajo
93,Estás duelo
94,No así fácil
95,Sí así fácil
96,Lo difícil melancólico 18 narcisismo Alice abandonada
97,La trajiste Puerto Rico hace año dejó vida venirse podrida isla mierda medio debacle energética
98,Ella conoce país país cayendo pedazos ningún momento veo ayudarla transición
99,Lo único haces darle drogas quejarte locuras
100,Mírala carajo ganas hacer cosas acá hacer amigos hacer vida quejas
101,Las compotas prepara Alice van salvar mundo narcicismo matando
102,Jódete cabrona
103,Tras insulto Trilcinea pasa blunt encendido Alfred acepta gusto silencioso cariño
104,Lo preserva seca guarda debajo tierra pueda comer futuro
105,Los preservan mañana sal tierra así
106,Hay sal conversaciones
107,Sal preservar medio descojonamiento mundo
108,Otro apagón
109,Y oscuridad emerge Jefe mira confundido mesas ver si encuentra amigos
110,Se funde abrazo Alfred
111,El Jefe estudió Alfred O Pueblo Princesa bien terminó tesis doctoral volvió Puerto Rico puso enseñar escuela Río Piedras
112,Tiene ventaja padres médicos dinero reservado
113,Dinero existe crisis permite ahora muerto comenzar construir refugio Isabela llama La Catedral viven varios maestros estudiantes
114,La Catedral grupos voluntariamente renuncian energía eléctrica reciben excepción contributiva además recursos proveen militares independizarse Estado moneda
115,Pero funcionando muy bien admite Jefe frustración dura frustración medio autista si dijera mismo mirando suelo
116,El grupo dedica diseminar conocimiento ingeniería práctica cualquiera
117,Enseña ciencias matemáticas primeros avisados venden carro precios carros colapsen alza petróleo
118,Es mulato alto atlético lleva vida sana contrario casi amigos
119,Trilci Alice llenan besos Alfred quiere ponerse celoso puede
120,Al Jefe interesa mantener horror perímetro
121,Las líneas fuga vocación
122,Pero aburre compañeros acción
123,No aburra nunca admitiría
124,Frente recriminaciones cínicas veces Alfred hace siempre contesta misma manera
125,Todo hago grupos perder idealismo
126,Yo voy asambleas compañeros expurgarme idealismo
127,Y Alfred encojona cada vez Jefe dice
128,Entonces ¿yo compañero
129,Sólo compañeros acción Jefe puede hablar cosas entiende sólo entiende causa ninguna ansiedad
130,Es decir —que tan ansioso— relajado amigos locos medio £n modernidad
131,El Jefe da modesta calada blunt Trilci va directo bar intercambiar unas libras yuca encebollada botella ron
132,Vuelve mesa ron sobra yuca
133,Alfred pone tragar si mundo acabando
134,Alice Trilci nariz demasiado tocada comer comparten compota berenjenas avinagradas
135,¿Cómo Alfred pregunta amigo ¿cómo
136,amigos significa ¿cómo
137,pura hospitalidad
138,Pues muy bien Jefe creo perdiendo nuevo
139,Deixa cara falar porra
140,Alice revierte portugués Alfred desespera
141,El Jefe embargo paciencia
142,Tiene niño zoológico habla amigo
143,¿Qué broder
144,No sé llevo días desorbitado escuchando voces nuevo
145,Transcribo aquí libretita cosas dicen
146,Y veces voces dicen bien sugieren imágenes mira
147,El Jefe observa cómo Alfred mete dos pastillas misteriosas
148,Antes disimulaba piensa/sabe Jefe Alfred pierde tiempo justificando
149,El Jefe agarra libretita Alfred acerca quinqué pone leer interés Él entiende paciencia locuras Alfred imposturas manera hacerse interesante conjurar ángel sabe libretita caja arma novela mejor ... Jefe serio escuches verdad 21 fin advierte Alice
150,Chico escuches une Trilci consejo Alice
151,¡Puñeta
152,Give break
153,Pero Jefe sabe imposturas Alfred ficción
154,O bien Alfred sufre ficciones sufrimiento convierte ficciones realidades
155,Le parece muy curioso Alfred llame pitufos 4 voces pitufos cuenten Gárgamel muerto mientras vivía pitufos odiaron ahora extrañan enanos despreciables nostalgia explotador recuerda pitufos polacos Profesor O morir siempre hablaba
156,Reconstruyen historia O juntos cada provee datos clave historia pitufos polacos pedazos desordenados historia píxeles
157,Recuerdan historia empieza 80 Polonia enfrentarse régimen comunista polaco requería valor ingenio
158,De contrario daba huesos cárcel toda vida peor Y tras varios intentos logran cuatros amigos recordar nombre grupo pitufos Pomaranczowa Alternatywa Alternativa Naranja medio punks metían protestas usos creativos absurdo sinsentido
159,Finalmente luego reordenar detalles contexto establecen Alternativa Naranja comenzó trayectoria pintando enanos pintura usaba gobierno censurar grafitis
160,Los enanos multiplicados ciudad haciendo mitosis convirtieron muy pronto símbolos disidencia polaca cobraron vida centenares personas disfrazadas pitufos naranjas empezaron manifestarse Por calles exigiendo cosas dimisión Gárgamel Mediante uso alegoría metáfora diciendo decir lograron llevar cabo decenas 2 protestas correr riesgo ser detenidos menos ser detenidos autoridades régimen convirtiesen automáticamente hazmerreír ¿o acaso puede seguir tratando respeto oficial policía tras ver detiene manifestante participar reunión ilegal pitufos
161,Al terminar historia Jefe entiende obvio Trilci entendido
162,Alfred extraña amigo O único tan loco retorna conversación original evadiendo desvíos quiere cosa amigos necesitan entenderse
163,Alfred broder are you getting high too often
164,El Jefe pocos amigos Alfred vez habla inglés
165,Nossa rieron coro Trilci Alice
166,Well yes but only because it helps with the voices
167,Also the drugs are not the problem
168,Its the drinking that is not good for
169,Y mientras dice baja pedazo yuca encebollada shot ron hablando ¡troglodita boca llena
170,Sabio siempre Jefe cambia tema cambiarlo bien yendo punto
171,¿Ustedes acuerdan manual escribió O instrucciones meticulosas Cómo evad sobriedad vivir contarlo
172,Todos ríen golpe Alice recuerda muy despistado O escrito manual instrucciones divertirse envió email lista amigos vez enviárselo Chilena equivocó envió Decana Chilena jefa buscando cualquier excusa echarlo universidad
173,Alfred mea risa recuerda muchas veces O enviaba emails destinatario equivocado 26 Como si inconsciente agenda secreta ejemplo caso quería O echaran
174,Y así tela hospitalaria teje amigos cuentan historias ausentes Alfred có- modo
175,Saca grabadora vieja casete pide Jefe oscuridad socializada bar ayude organizar pensamientos
176,Alice Trilci siguen hablando O problema comedores familia Alice Brasil noticias hace meses ... fin clasifica ordena realidad pesar tumultos
177,El Jefe pasa contar historia grupo Ecuador organizando través algoritmo
178,Tienen suerte economía dinero basada recursos dirigida computadora calcula prioridades habitantes
179,Pasan encuestas cada dos días
180,El algoritmo evalúa encuestas ajusta prioridades recursos trabajos
181,Cuenta Jefe día algoritmo aprobó dos proyectos extraños
182,El primero absurdo requería dispusieran recursos mínimos seiscientos años miembros derecho opción morir entrando hoyo negro
183,El segundo proyecto realizable aún descabellado construcción permanente catedral E algoritmo llegó conclusiones evaluando información cada miembros subía encuestas través software
184,Se dio cuenta ue fascinación muy fuerte hoyos negros comunidad
185,Que hoyos negros tragan materia luz tiempo tragan atraen interés humanos
186,La computadora través softwares detectado inequívoco deseo religioso constituyentes mayoría autodescritos ateos
187,El deseo mismo 24 expectativa muerte hoyo negro da unidad cohesión grupo
188,La idea proviene física
189,Siguiendo teorías Lenard Siskind proponentes teoría cuerdas si entra hoyo negro voltea vista hacia afuera apenas instante ser despedazado destruido potencia gravitacional vista única increíble universo
190,Adentro hoyo negro leyes físicas rompen
191,Ni luz tiempo pueden escapar
192,La fábrica misma espacio-tiempo convierte cosa arquitectura mental intuimos universo quántum átomos
193,Al voltear vista instante muerte instante podría ser eterno veríamos galaxia tiempo espacio totalidad universo pasado futuro comprimido mismo cuadro Aleph
194,El algoritmo piensa/sabe
195,La máquina utiliza conocimiento física acceso constituyentes ofrecer experiencia mística do- cumentada valor ateo ciencia
196,Fue Chilena contó grupo
197,Ella lleva meses fascinada hoyos negros Juegos escala universo
198,Devora documentales física parecen alucinantes ciencia ficción
199,Se convertido junkie Alfred buscar documentales noticias hoyos negros así dio grupo
200,Es bobería
201,Pero Interesante une grupo algoritmo hecho muy efectivo administrando recursos grupo sino une fascinación sueño bobo algún día descendientes voltearán mirada seiscientos años verán soñando destiempo hoyo negro
202,Álice Trilci entran salen conversación 25 amigos
203,Escuchan algoritmo Ecuador piensan querido Chilena allí momento
204,Seguro contado historia mejor Jefe entusiasmo menos burla mejores blunts aunque hace Chilena porros
205,Pensaríamos muerte nacimiento ángel anticiparíamos si sucediera seiscientos años muerto voluntario ofrece morir hoyo negro mirando/nos mirando ahora mismo seríamos/somos pasado compa '' deceríalcompadece lágrima Nunca terminaría/termina caer ojos
206,Alfred hace desinteresado
207,Alice ríe
208,Trilci pone cara niña enamorada cuenta Jefe ausenta pensamiento hacemos
209,Alice pregunta Trilci reciente fascinación Chilena física Trilci explica circunstancias precisas llevaron ser ¡unkie documentales teoría cuántica astrofísica público general
210,Que documentales ayudan depresión terapia hacen sentir chiquita problemas parecen bobos comparados problemas galaxias
211,¿Y dónde viene pendejada catedrales pregunta Álice Jefe Pues sé
212,Supongo idealización hacen anarquistas catedrales medievales
213,El Jefe siempre habla si mundo obviamente detalles tradición anarquista
214,Alice aprecia
215,Que Jefe pendejada explicativa sencillo cosas cualquiera puede entender
216,Y empieza contar catedrales Alfred interrumpe pedirle encendedor pipa
217,26 No
218,Te paso fósforos
219,Alfred piensa palabra fósforos graciosa
220,El Jefe cuenta libro leyó Georges Duby catedrales medievales
221,La idea catedral cristal dice Jefe vitrales diseño sugerían trabajo terminaba seguir añadiendo niveles catedral forma caja herramientas nunca termina Jefe sigue sigue abstracciones medievales sumergen arquitecturas mentales desconocidas
222,Alice fanática temas medievales continúa buen rato
223,Trilci mira ojos dice inventado soneto mejor Shakespeare dice Alice escribiendo sonetos escondidas Alfred
224,Sólo Trilci refina sonetos Alice
225,Alfred aprovecha buena oportunidad desentiende Trilci Alice toma bolígrafo dibuja símbolo átomo muestra Jefe
226,¿Qué podría ser Jefe
227,Un átomo ¿no
228,Obvio ¿qué
229,¡Baf pues podría ser muchas cosas
230,¿Adónde quieres llegar Alfred
231,Pues podría ser vitral catedral vitral templo bomba nuclear dos boxeadores cuadrilátero boxeo beso movimiento coser hojuela nieve hojuela maíz diamante ... 27 Alfred sigue enumerando Coño si podría ser cualquier cosa pista baile jamón Scooby-Doo huyendo fantasma versión medieval símbolo anarquismo A O hombre mujer Da Vinci mariposa monarca puede ser quiera manera
232,Una excusa ver quiera ver
233,¿Cómo supone entienda dicen pitufos si Imágenes refieren
234,Alfred frustra ladra
235,El Jefe sabe hacer consolarlo
236,Sabe dolor Alfred trata puede ver
237,En mismo momento si necesitara esfuerzo Jefe ¡y necesita
238,ver verdad locura compañero Alice compadece desesperación Alfred
239,Sabe hecho mundo avecina Jefe sabe Trilci cambio piensa/sabe Alfred sabe
240,Alice pasa mano espalda simplemente dice normal respire hondo cu coja suave puede ver claramente delira viendo fracrales viendo fractales días mundo muestra fractales muta costuras metamorfosea reinventa
241,Alfred detiene grabadora segundos tarde llega apagón
242,Y cualquiera piensa/sabe sólo muta provee continuidades
243,Lo estático procede sucede
244,Lo estático artificio fantasía universo cambie último apagón apaga jangueo amigos tan jóvenes 3 hacerse cargo mundo heredado mañana trabajar
245,Alice Trilcinea quieren ir
246,Alfred tampoco 28 Jefe joven despide va caminando Manuel Fernández Juncos luego cruza Ponce León camino Río Piedras
247,Es marcha larga acompañan huestes caminantes velas linternas
248,Se hacen grupos conversación deshacen toman momentos largos ver estrellas empezado reaparecer San Juan desestrellada décadas hace par años descaminada tiempo
249,Huestes caminantes cuyos pasos ahogan sonido pocos carros sinvergiienzas
250,Huestes
251,El Jefe camina huestes jóvenes cuatro mañana Santurce Río Piedras época isla entra retardado previsible colapso huestes disfrutan caminata larga conversación
252,Los ojos Jefe llenan esperanza huestes
253,Una esperanza heredada contingente
254,Sabe hecho
255,Es arropa
256,Algo dado
257,Una membrana impone rebota
258,Ve iluminación pies caminan
259,No Puerto Rico juventud
260,Y vez mismo país cambiado
261,Mejorado manera
262,Áunque sabe gente empieza morir muere murió caminan siempre sabido muertos caminan
263,Nosotras sabemos fantasmas peripatéticos
264,Dos semanas después durante huelga maestros toma dimensiones nacionales apoyo popular comedores escolares ocupados Poquitos policías atemorizados disparan multitud El Jefe corre cargar cuerpos lacerados recibe bala espalda
265,Muere unas horas después rodeado desconocidos embargo aman
266,En momento aman espinazo entraña último hálito ángel amantes anónimos 29 amar luna sol amar libro buena cena aman cuerpo muere acompañándolos
267,Alice Trilci Alfred avergonzados haberlo acompañado haber valentía Jefe creer mundo nuevo destruidos confirman desastrosa realidad vida amigos mueren
268,30
269,2/ El año 2017 En primera pelea campeonato mundial Cristi Martínez boxeadora Bayamón todavía aprendiz bruja
270,Con cada ¡ab embargo acerca consagración
271,Sus jabs conjura
272,Sus ganchos encantamiento
273,Cristina suelta recta derecha dice straight
274,Lanza gancho izquierda grita hook
275,Luego upper
276,Christina dice cosas suceden
277,Baila ring
278,Jab jab straight hook voltea dos
279,Y palabras determinan mundo físico
280,Cuando respira hondo piensa
281,hace fuerte absorbe pedazos ángel
282,El ángel aire
283,Abracadabra
284,Es año 1994 público ahí ver peleas Tito Trinidad Mike Tyson sabían gladiadora femenina
285,Upper
286,A sale disparada boquilla oponente
287,Entrenaba escuchando reggaetón Ivy Queen favorita salsa gorda decía ritmo añadía ángel
288,Era obsesiva meticulosa desconocía privilegios superstición santera
289,Ahora pelea campeonato parece todavía boxeando ritmo reggaetón clave dembow
290,La pierna izquierda mueve
291,Es columna apoyada dedo gordo pie
292,Recibe jab Oponente corta labio llena pecho sangre La 31 pierna derecha embargo rota eje pierna
293,Rota ángel vuelve funcionar
294,Y baila
295,Baila oponente
296,La clave siempre sido anticipación mejor manera anticipar movimiento oponente bailando
297,Pero ahora .. El ángel adquirido conexión extraña cómo
298,Podría anticiparse movimientos oponente
299,Pero ángel dice
300,Que
301,Que prisa
302,Que baile
303,Que miedo tomar golpe parte magia
304,El público después pide sangre
305,Siente acaba entender
306,Sabe viene doble ¡ab izquierda
307,No sabe detrás doble ¡ab viene volea derecha
308,No sabe intuye
309,Debería agachar cabeza practicado niña moviendo cabeza debajo soga hace El ángel dice
310,Recibe dos ¡abs nariz justo viene derecha volada entiende
311,Entiende magia ángel dijo moviera
312,Todo mueve lento
313,Todo retarda
314,Pero
315,¿Su velocidad
316,Rápida
317,Suelta upper izquierda pensarlo
318,Apenas golpea oponente
319,Recibe volea derecha oponente amortigua hombro izquierdo
320,Ahora oponente débil
321,Debilísima expone quijada encima cabeza Cristina entonces suelta propia volea derecha
322,Lenta
323,Cada músculo ttensado Lenta
324,Y quisiera detenerlo allí
325,Su cuerpo posicionado debajo quijada enemiga así agachada volea derecha Cristina vuela encima propia cabeza misil pre-direccionado quijada oponente
326,Ha usado golpe enemiga ubicarse abajo
327,Algo ningún entrenador jamás enseñó
328,Cuando 32 cima deporte juega reglas
329,Cristi Martínez percibe propia alegría puño improvisado volea encima cabeza viene conjurada magia contraintuitiva llega frente siempre vulnerable oponente ángel invencible
330,Y vida bien mal acaban puño nunca practicó
331,Ya aprendiz bruja
332,Es campeona mundial
333,Las luces cámaras disparan contratiempo gritos público oh público sabía pelea Tito Trinidad pelearían dos mujeres campeonato mundial ruge clama reconoce gloria mujer vestida rosa llena sangre
334,La promotora Tyson Tito hace buen contrato junto entrenador/esposo comienzan venderla entrevistas revistas deportes atleta femenina sexy mundo
335,La obligan hacer comentarios homofóbicos oponentes
336,Y esposo siempre amenaza
337,Te voy matar si cojo chingando mujer
338,El ángel embargo consume esfuerzos agota cuerpo
339,Á 29 años Cristi Martínez estátoda hecha ángel
340,Lo respira hace
341,Hasta lesión ligamento rodilla aleja ángel
342,No completamente
343,Todavía inteligente
344,Sabe cortar cuadrilátero
345,Ha dominado arte hacer menos
346,Sus rectas tan pesadas
347,Su ¡ab lento
348,Sus piernas bailan
349,Pero ahora certera
350,Trabaja ángulos
351,No pierde ángel
352,Lo reformula
353,Cuando atleta intuye final justo cuerpo reviente rejuvenecimiento magía liviana instante realidad pesada imponga cuerpo doliente 33 siempre
354,Estudia deporte
355,Ya campeona mundial
356,Pero modesta fanaticada freaks boxeo disfrutan conocimiento menosprecian género
357,Piensa amor llevado estudiar deporte erosionará tan rápido rodilla
358,Y ser muy duro dedicarse deporte brutal mundo machista reconoce ninguna gloria mujeres boxeadoras
359,El niño comienza entrenar gimnasio Puerto Rico sueña día tener gloria dinero Wilfredo Gómez Miguel Cotto si bien chances alcanzar gloria minúsculas azarosas
360,A niñas comenzaban boxear sólo negado tener heroína gloria popular ninguna sino además lidiar estigma social ser mujer peleadora casi tan denigrante país ser puta
361,Cristi Martínez aprendió temprano inventarte ángel
362,¡Cancelar miradas encontrarte cada vez subes cuadrilátero ángel boxeo valida esfuerzos
363,Recuerda vez así adolescente Bayamón novia jugaba básquet meses gimnasio boxeo solo día día novia Estados Unidos sintió tan sola ... Volvió gimnasio corriendo buscar ál ángel redoblar esfuerzos años después entrenador propuso matrimonio aceptó pensarlo así podía vivir boxeo veinticuatro horas día quería distrajera u ángel quería dar próximas niñitas llegaran confundidas refugio mundo gimnasio boxeo nunca esperanza gloria
364,34 A 32 años Cristi Martínez comienza irrevocablemente perder magia
365,El infierno hogar hace evidente brutal llena odio misma Cángel abandona
366,Ya quiere pelear
367,El cuadrilátero iuy cruel boxeadores voluntad ahí
368,Recibe palizas
369,Y emborracha
370,En prensa mismos celebraron gloria inusitada ahora utilizan contraejemplo progres evidencia bestialidad deporte inhumano conservadores acusan lesbiana prueba boxeo debe ser sólo hombres
371,Se hace adicta perico tres años hueler
372,Pero todas historias aun tristes contienen renacimientos
373,Son años surge Facebook €s Facebook reconecta aquella noviecita equipo básquet escuela
374,Encuentra luz ver ángel boxeo
375,Vuelve tener ganas hacer cosas
376,En conversaciones secretas celular chats Facebook escapadas espaldas marido tomarse café cuerpo comienza sanar
377,Duerme mejor
378,Sus coyunturas sanan
379,Sus ligamentos vuelven crecer
380,El dolor tolerable
381,Hasta día finge lesión quiere entrenar
382,Sin ángel casi dinero dice esposo va ir Centro rehabilitación drogas República Dominicana
383,Y fuga tres semanas paz primeras tres semanas paz toda vida tres semanas experimenta primera Vez » intensidad engranaje amor mecánica muerte
384,A vuelta Puerto Rico decide abandonar esposo
385,Ya mundo cambiado
386,Un tantito
387,Lo suficiente 35 tenerle miedo clóset
388,Comienza recoger cosas después darle noticia esposo/entrenador dice va habitación vuelve cuchillo mano
389,Cristi lista pelear logra romperle nariz recibe tres puñaladas costado cuales llega pulmón
390,En piso desangrándose patea grita
391,Pata asquerosa dije iba matar
392,Y busca pistola da tiro espalda deja muerta mete ducha limpiarse sangre
393,Ella entonces arrastra puerta luego calle tumba allí esperar pase carro compasión ayude durante tiempo repite nombre si salvar evocarla
394,Y pasa carro ve llena sangre muriéndose detiene
395,El rostro aparece
396,Sólo aparece ángel
397,Y pasa carro detenersesEl maldito ángel aquella noche gloriosa dejó ser aprendiz bruja
398,Y pasa carro detenerse
399,Esa noche bailaba oponente ritmo Ivy Queen podía anticipar movimientos noche toda hecha ángel respiraba
400,Y carros mundo pasan detienen tarde año 2017
401,Su muerte sido mayormente ignorada prensa
402,Esta mañana embargo abro periódico alguna razón ocurre mirar obituarios encuentro lee
403,Ayer rodeada silencios laureada fantasmas murió Cristina El Demonio Rosita Martínez grande campeona mundial boxeo Puerto Rico
404,Tu familia 36 recuerda familia pueblo hace homenaje pueblo
405,Sólo Ella recordamos Tu Ángel A.M. Y leí obituario puedo quitarme mente hecho Iniciales A.M. corresponden Alice Mar
406,Durante meses siguieron muerte Cristina Martínez encontrado obituarios firmados A.M.
407,Primero obituarios tan sólo boxeadores Héctor El Macho Camacho Edwin El Inca Valero Arturo Gatti Vernon Forest
408,Pero después convirtieron obituarios terroristas olvidados finalmente expandieron víctimas muertes violentas negros latinos asesinados policía norteamericana cuarenta tres obituarios normalistas Ayotzinapa largo hermoso obituario María Elena Lulú Fernández directora coro Universidad Puerto Rico asesinada machetazo cabeza nieto crackero
409,Todos firmados Ty Ángel A.M.
410,Alice nunca admitía negaba autora
411,Alice amantes azar luego destino lectores lejanos cuentos
412,Ella debajo abanico aspas edificio medio restaurado Villa Madalena Sao Paulo apartamento gitano New York luego Carolina Norte luego Buenos Aires luego Hartford ahora montañas Colorado
413,Y entonces reconocimos encuentro
414,Hoy sigo creyendo une necesidad prolongar cuentos siempre pendiente conversaciones cubren tramo acera cualquier ciudad
415,De mera 37 mención palabra cuéntame emerge amor alejamientos fundamentado palabra recovecos prepara terreno ina continuidad ininterrumpida improbable deseo seguridad cuentos continúan siempre sincronía ley preservación información universo mediante sucede aun pensamientos deja indicios existencia realidad siempre
416,Es necesario aclarar siguiente Alice sólo existe cabeza
417,Empezó hablarme mientras escribía primera novela
418,Nos contábamos historias mientras conducía
419,Luego quitaron licencia conducir tras accidente empezamos contarnos historias mientras caminaba mientras esperaba algún dealer siempre hacen esperar mientras hacía fila correo sitios
420,Me contaba historias luego contaba amigos sé cuándo empecé revelar autoría cuentos contaba Alice
421,Les decía amigos Álice contado tal cosa
422,Ellos piadosos divertidos pronto acostumbraron existencia Alice siempre podían identificar cuándo historia siempre supimos vivía extensión imaginación simplemente terapia modo mantener cordura
423,Entonces llegan obituarios firmados A.M. Alice Mar ángel mañana pronto sospecho terapia Alice empezó manera mantener cordura tal vez ¡me manos
424,38 El Profesor O vive montañas Colorado
425,Vive escritorio
426,Suplemento túnel constante constantes cambios domicilio
427,En redes virtuales redescubre plaza pública tira cabeza hoyo cibernético
428,Hace amistades años canje noticias lecturas momentos confesión mundo pasa intercambios información conocimientos intercambios emotivos
429,Á saciar necesidad afecto gente parece diferente
430,Amigos entrañables nunca visto conoce alma sabe cómo abrazarlos
431,Por supuesto amigos físicos rutas igualmente nómadas red virtual suplementos tecnológicos cada vez perspicaces sirven comunicarse verlos encontrarlos arbitrariamente foro virtual
432,Al principio necesidad instrumento continuar amistad Skype Facebook e-mail etcétera
433,Con años amistades dejan intensificarse demasiado atadas medio virtual naturaliza
434,Cada vez viajo verlos piensa/sabe Profesor O natural intercambio virtua intercambio físico
435,Y sólo mundo virtual
436,También vida aviones
437,Aviones interminables gasto gasolina tipo humo embargo define
438,¿Que cómo paga aviones
439,No puede negar universidad dice Profesor O mismo especie refugio tampoco puede aceptar universidad UN lugar ilustrado
440,Ante realidad tan sólo puede inmiscuirse robar pueda
441,Abusar hospitalidad 39 universidad escupirle mission statements unirse colonia refugiados clanes gitanos transitan
442,Estar universidad ser parte así justifica Profesor O auto-imagen intelectual subversivo
443,Y roba puede universidad roba becas cuentas investigación roba recursos encuentra canaliza amigos poetas muertos hambre amigas reducen vida maleta pasan años mochileros hacer documentales feministas ¡ bolivianas roba libros hace PDF colecciones P libros raros divulga red roba papel pintura cartulinas protestas roba viajes avión roba tijeras grapadoras roba bolígrafos roba papel baño sillas escritorios roba muebles roba café comida roba vino roba vino
444,También incitar violencia
445,Les inserta estudiantes compañeros desprecio visceral universidad campus Sus decanos trogloditas cínicos habla miedo asquerosidad universidad
446,Practica retórica campañas cizañeras
447,Varios estudiantes terminan clases odiando padres cagándose setenta mil dólares año gastan educación elitista blanqueada
448,Robarle academia sembrar odio escupirle posible listo correr.cuando toque
449,Lo dice O performance intelectual subversivo muy contentas altas esferas corporativas universidad americana
450,Se ríen pataletas dan tribuna
451,Lo invitan hablar explayarse crítica feroz academia corporativización mundo
452,En alguien hablé ádentro instituciones pueden seguir estafando millones personas
453,El Profesor O legitima
454,Es decir mientras robe bolígrafos licencia robar billones efectivamente negarle conocimiento endeudar mayor parte población
455,Cerrar ventanas cercar amurallar universidad olor abombado Profesor O trata mirar computadora preso trata mirar hoyo cerradura mundo exterior
456,Forzado cambiar trabajo cada par años recorre silencioso estacionamiento pavimentado Estados Unidos cada sitio va juntando raros perdido sido jodidos monstruos menos domesticados valientes hablan gritan miedo ser diferentes desterrados tierras lejanas llegan allí azar suerte mala buena llegaron libros adolescencia logran aunque quieren asimilarse vida poca regañadientes quejan aun así disfrutan vasto desierto personalidad igual repite aburren homogeneidad mierda escupen piso fuman cigarrillos cadena apasionan importa parten premisa mundo basurero saben basura llanto trauma alguno pues basura pone rebuscar ver encuentra afanes acumular hacerse importante sólo curiosidad reproducirse hijos heredarán mundo mierda comparte basura curiosidades tan solo alegra diferencia insistencia seguir construyendo diferencia pelos verdes tatuajes transgéneros anarquistas confundidos marxistas ácratas poetas punks lesbianas conservadoras feministas musulmanas locas santeras blancas rezan nombre Queer Christ profetas hastiados religión 41 fieles ... da igual diferencia sentimos menos solos
457,Me llenaba meta-conversaciones compañeros nómadas
458,Las conversaciones aun sobrios convertían borradores
459,Luego movían sitio movía sitio quedaba hablando solo Alice
460,En conversaciones noche después día trabajo contamos historias vida
461,Es decir resumimos vida rara interesante relato corto
462,Como historia vida Amy Bishop doctorado Biología Harvard consiguió trabajo profesora Universidad Alabama medio genia mujer jefes despreciaban pesar conseguido millones dólares becas luego cinco años allí trabajando doble trabajaban colegas llegó reunión decidir si darle cátedra tenure dijeron sentían decidido
463,Ella respiró hondo pidió esperaran momento allí iba buscar oficina
464,Volvió nueve milímetros asesinó
465,Alice dice historias vida contamos n ángel simplifican compleja realidad social mn nunca da claro quiere decir ángel
466,El problema recuerdo haber escrito ninguno obituarios rmados A.M.
467,Sé contamos historias sé nunca escrito
468,Entonces Alice escribiendo sepa preocupante significa esquizofrenia control
469,42 III Alice dice máquinas clandestinas formando mundos adentro éste
470,Que mierda rodea cascarón
471,Una vez rompa aparecerá trabajo subterráneo trabajo ingenieros incansables
472,¿Pero cómo encuentro
473,Tú encuentras O encontrarán hagas falta
474,Es si hacen promoción joden si ponen campañas convencer jode
475,Están construyendo formas grupos chiquitos
476,Te deshacer ángel
477,Y vuelves puto ángel
478,¿A refieres Alice
479,¿Quién ángel
480,Ese día Profesor O encuentra piso oficina libro raro cartulina blanca
481,En portada tan sólo círculo parece dibujado mano luego digitalizado impreso
482,El título La dignidad nombre autor
483,No ninguna información año publicación editorial imprenta ciudad impreso
484,El Profesor O presta mucha atención entera web mismo día cientos personas reciben versiones mismo libro diferentes idiomas
485,No copias
486,Versiones
487,Porque comienzan comparar contenidos descubren cada personalizado
488,Los libros misma Portada mismo título contenidos cambian sesúnsel lion recibe
489,Cuando empezamos comparar llegamos conclusión diferentes versiones Lg dignidad comparten todas estructura primera parte larga lista obituarios muertos recientes sente muere O asesinada causa violencia estructural
490,La segunda parte lista manifiestos brevísimos 43 postulan modos organización social muertes sucederían último lista reseñas modos concretos insurrección sucediendo alrededor globo cómo continuarlas apoyarlas
491,Estas tres partes precedidas suerte prólogo titulado igual libro La dignidad prólogo decirlo refiere doctrinas clásicas anticapitalistas En alienación mundo moderno
492,Curioso examino libro encuentro obituarios tres cuatro escritos Alice así obituarios gente menos cercana obituario Antonio Calvo profesor Pueblo Princesa —tras diez años enseñar allí noche mañana— universidad decidió despedir inmigración requirió deportación inmediata
493,Forzado abandonar vida carrera esfuerzos década deprimido desesperado Antonio Calvo suicidó
494,Al pasar página O encuentra hoja suelta escrita maquinilla invitándolo escribir libro dándole instrucciones precisas cómo acceder página web codificada .en puede tener acceso bancode obituarios manifiestos modos insurrección
495,El proceso secretividad exagerado contagia Profesor O dulce paranoia
496,Primero baja software llamado Torr asegura IP identidad computadora puede ser rastreada Luego abre buzón electrónico dirección .omion y/envía yn mensaje contestando pregunta muy personal incluida hoja suelta
497,Recibe mensaje buzón dirección página web Internet profundo Deep Internet
498,Para entrar página Pone contraseña específicamente diseñada encontraría página 55 44 versión La dignidad recibido
499,Todo proceso ridículamente innecesario piensa/sabe
500,La dignidad O menos versión recibí ninguna información podamos encontrar web
501,Las insurrecciones reseñan invitan apoyar insurrecciones armadas manifiestos políticos si bien radicales reproducen versiones variaciones mismos principios anarquistas moda
502,Entonces ¿por lá paranoia
503,Cuando finalmente logra entrar página descubre enorme base datos miles obituarios cientos manifiestos breves reseñas insurrecciones concretas alrededor globo
504,Tan sólo hojeando listas puede identificar menos catorce idiomas diferentes refrescar página descubre listas siguen creciendo exponencialmente gracias gente curiosa llegado allí siguiendo instrucciones contagiados misma paranoia
505,Es suerte Babel virtual cualquiera puede añadir muertos sumar propios manifiestos reseñar entienda modo insurrección
506,Al leer Profesor O descubriendo palabra insurrección perdido especificidad página web cualquier cosa podía ser vista insurrección gato durmiendo podía ser considerado insurrección según revolucionarios
507,En página modelo template pude descargar
508,De manera cualquiera puede crear versiones libro apropiándose selección personal crecientes listas obituarios manifiestos insurrecciones página añadiendo
509,Parece haber tan sólo tres reglas visibles primera pueden imprimir dos copias misma versión libro segunda cada versión tener exactamente cien páginas
510,45 La tercera destinatario cada versión La dignidad nunca puede enterarse quién preparó versión
511,De manera libro siempre cambia actualiza cada versión libro vivo
512,No autores números imprenta solo idioma siempre mismo libro contenidos varían según circulación
513,O quiere jugar
514,Baja modelo lanza tarea hacer versión libro hermana profesora especializada culturas moriscas clandestinas España siglo XvI casada ingeniero duelo recientemente perdido perro Acteón bullmastiff cinco años ciento cuarenta libras vigilante leal sueños
515,Selecciona cuidadosamente obituarios manifiestos insurrecciones
516,Traduce francés obituario joven Mohamed Bouazizi insurrección siguió
517,Escribe par obituarios mismo incluido perro Acteón seguido manifiesto manipulación genética animales domésticos
518,Envía libro correo hermana dirección remitente falsa
519,Y igual O miles personas alrededor mundo hacen mismo
520,La dignidad causa revuelo hace viral redes sociales virtuales físicas
521,Llega noticias apenas semana después China Arabia Saudí finalmente Estados Unidos prohíben posesión distribución cualquier copia versión La dignidad convierte símbolo político entendemos bien Empezamos ver círculo dibujado mano Ta portada diversas manifestaciones Asia América Latina
522,El Profesor O entonces logra entender necesidad libro secreto página web difícil 46 acceso llena trabas paranoicas
523,En fondo importa contenido libro suerte caja lienzo anarquista
524,Lo importante modo difusión medio anónimo secreto
525,El libro principio actúa arma terrorista si contuviera secreto insurgencia revolucionaria muertes causa capitalismo muertes cercanas lector puede identificar alguien conoce preparó exclusivamente
526,Al actuar si realidad bases datos conocimiento público contagia ahora paranoia prefabricada centros poder global
527,Los centros poder ahora sienten tan vigilados gente
528,Esa noche O va cama contento entusiasmado sueña duende orejas puntiagudas mueve muy lento dice siguiente No veveveveerdad aaaafuera cacacacapitalismo
529,Eso dicen antroponarcisos humanistas
530,¿Y galaxias
531,¿El fondo mar El éspacio-tiempo
532,¿El futuro
533,¿Los cincuenta mil años homo Sasasasasapiens
534,¿La evolución pasada hará perecerrrrrrrr
535,Los creen afuera capitalismo sólo dicen conformista conveniencia dicen idea pueril mundo acaban entender terrible interconexión colectivismo inininininininmenso largo apenas empezamos entender juventud monananananarcas Mariposas
536,Pero si dije capitalismo replica O duende ¿qué tragaste Zaratustra
537,No Enheduanna Enheduaaaaaaaaanna
538,El Profesor O levanta mañana pensando Alice Mar preguntándose cómo carajo llegado 47 obituarios bases datos secretas La dignidad descubriera
539,IV Han llegado lobos montañas Colorado
540,O encuentra madriguera lobos forma-que deja vacío as raíces extraídas Recuerda yuca-ángel Alfred contamos
541,Las formas tierra deja yuca desangelada parecen nido lobos
542,La orquí- dea órgano mariposa madre
543,Hay vínculo genético ambas recuerda O decía Trilcinea
544,Las ratas mueven igual plantas calabaza recuerda decía Jefe
545,Las ratas gran zapallo biología falsea naturaleza clasificarlas piensa/sabe O. Si centráramos tan sólo movimientos única diferencia ratas zapallos velocidades opuestas Unas mueven rápido muy lentos
546,O sabe sucederá La dignidad visiones futuro mundo piratas vuelven hogar vacío mundo cambia noche mañana cambio fácil rápido anestesiado Ve mundo lleno sombrillas reflejan luz solar flotan Por planeta parece
547,Todo mundo cree fin capitalismo violento piensa O tal vez tranquilo obvio fácil ángeles sombrillas vamos viendo cómo decimos saber referimos cosas Profesor O sacó culo arrebatado
548,Lo sabe mientras corre montaña ve orquídea mariposa sabe tan animal vegetal
549,48 El efecto marihuana continúa recién comienza efecto segunda dosis kratom justo justo precisamente sol empieza calentar
550,Hoy buen domingo piensa O. Y sol tuesta cara
551,Llega quebrada descansa toma agua ahora camina lento explora saca bolsita plástico hongos Artista Chilena envió correo
552,Se come sabe hora sentirá efectos
553,Le gusta combine fin tarde
554,Ya adrenalina tener volver casa caiga noche hongos incapaciten
555,Uno va montaña piensa O mientras camina lento confunde mariposa orquídea
556,La falsa división vegetal animal daña Trilcinea sabemos fácil cabeza
557,El inodoro extensión culo tuberías intestinos Mi sistema urinario
558,Los espejuelos tele pantalla computadora extensiones ojos
559,El horno extensión estómago
560,Las habitaciones duermo cocino piel
561,Las drogas extensiones sueños
562,La música grabada extensión oído puede escuchar alrededor planeta escuchar pasado
563,La bicicleta ruedas extensiones piernas
564,La flecha extensión puño
565,Como manzanas leo libros charlo amigos amo alguien cosas alimentos recibo cosas pasan metabolizo cruzan expulsadas mejor dicho devueltas compartidas forma si licuadora
566,Todo piensa/sabe pregunto ¿qué ver orquídea mariposa
567,Lo obvio desbunde relaciones colores formas movimientos Si acelera 49 temporalidad crecimiento orquídea suficiente seguro vuela mariposa mariposas monarcas migran Canadá México conté O mientras camina bosque loco piensa montaña ola si aceleras movimiento millones años tierra sólida planeta comprimes dos minutos puedes ver cómo continentes mueven tierra sólida parece líquida piedra gota espuma montañas olas expresión exterior movimiento sutil rápido insignificante larga placas tectónicas
568,Voy montaña surfista piensa/sabe ríe comprobar arrebatadísimo increíble cantidad drogas varias ahora tanta práctica puede meter disfrutar funcionar sobrevivir cualquier persona escondería debajo cama llorar pasan horas sigue caminando montaña tiempo volver casa
569,Pero piénsalo serio O ¿no crees momento hacértelas bravo
570,En acabas pensar clave
571,Y alegra escucharme
572,¿Ahora quieres tome serio Alice ¿ahora qu volado chiringa montaña varias ¿millas pueblo anochece par horas puedo perder
573,Hay osos gatos monteses montaña Alice
574,Si ahora ¿cuándo
575,Te vas olvidar
576,Pues dale hablemos mientras corro
577,Tuberías prótesis orquídea/mariposa ola-montaña clave ahí
578,Encuéntrala
579,¿Y cómo sabes
580,No sé
581,Yo cabeza
582,En siempre claros
583,50 Por supuesto
584,Pues veamos
585,Si jugamos diferentes temporalidades prótesis pasa mismo orquídea/mariposa ola/montaña
586,La clave tiempo
587,De manera tiempo hace creer diferencias cosas trato ayudar O. El tiempo va obligar quedarme toda noche montaña mientras alucino hongos
588,El desespera ayudo
589,Pues dar clave rápido
590,El tiempo clave dirección
591,Pues dale
592,Aceleremos entonces prótesis
593,Si hacemos pues inodoro parece prótesis culo
594,Podemos ver tuberías naciendo fábricas moviéndose creciendo ciudad acumulando cemento membranas alrededor finalmente sale inodoro tubería inodoro salgo
595,¿Cómo mueve ciudad
596,Si pudiéramos ver crecimiento Nueva York tres siglos video dos minutos ¿a parecería
597,Sería Ameba crece flor abre expande llena colores diferentes podría ser feto creciendo nueve meses barriga
598,¿Con organismo hace rizoma ciudad tornamos temporalidad compatible
599,Se mueve crece interactúa alegra esguinza contorsiona devora metaboliza caga copula reproduce personalidad preocupa socializa
600,Qué triste poder ver cosas
601,Qué triste ho poder saltarnos Cajón temporal ver organismos grandes lentos titanes dioses sólo bacterias SUS intestinos tal vez genes
602,¿Con organismo hace rizoma ciudad tornamos temporalidad compatible
603,Se mueve crece interactúa alegra esguinza contorsiona devora metaboliza caga copula reproduce personalidad preocupa socializa
604,Qué triste poder ver cosas
605,Qué triste poder saltarnos cajón temporal ver organizmos grandes lentos titanes dioses sólo bacterias intestinos tal vez genes
606,Vamos bien
607,Es necesario confirmarle pensamiento O validarlo continúe
608,MY La clave si quitamos factor tiempo podemos ver prótesis El cosmos completo pró- tesis extensión poderes
609,La luz estrellas prótesis mirada
610,Todavía
611,Demasiado antroponarcicista
612,Vas muy lento
613,No uses culo ejemplo
614,Puñeta distraigo
615,¿Qué distrae
616,Pues Alice distraes
617,Exacto usa ejemplo
618,A ver
619,Entonces supongamos mariposa orquídea
620,Mejor piedra espuma ola
621,Alice casi nO Veo va ser noche pronto
622,Confía camino abriste volver
623,Y así piensa
624,Dale
625,Pensemos prótesis cambiamos temporalidad ¿qué sucede
626,No tan fácil ¿verdad
627,No
628,Y veo dando miedo
629,Detente
630,Recupera aire
631,Y espera pupilas adapten noche
632,Ignora alucinaciones
633,Y piensa clave
634,Si salgo inodoro pues
635,Tú venimos misma tubería
636,Pero salen tubería inodoro cagaron ahí alguna vez salieron ahí
637,Tú salimos misma tubería significa sales
638,Guano mezclado
639,La montaña vibra Alice
640,La siento ondas ojos cerrados
641,Veo ondas
642,Ya puedes ignorar alucinaciones
643,Simplemente disfrútalas
644,Acéptalas continúa 52 dos tareas simultáneas
645,La clave camino
646,Eso
647,La clave existes afuera cabeza obituarios probablemente escritos
648,Que idea Alice existe nombres celebración muertos gravedad tira hacia historia concentrada vidas existe afuera pluralidad existencias diversos mundos habitados misma vez
649,Que montaña alguien movimiento movida gancho izquierda practicado
650,No caigas madriguera lobos
651,Y así O cae hoyo madriguera cueva Bruja Rumana da golpe terrible cabeza
652,No ve percibe presencia bruja cueva bruja revela
653,Es bruja rumana muestra O propio obituario
654,Hay dios parece humano animal
655,Es dios sólo podemos entender minerales objetos plasticidad parece fría máquina metal uranio humano
656,Es dios cruel indiferente da igual exterminio si fondo anomalía átomo anomalía cosa
657,O escucha lee obituario orgullo
658,¿Por dicen morí La Catedral pregunta O Bruja Rumana
659,Ella enseña La Catedral cree allí tres días
660,En La Catedral ve acerca da dinero
661,Es dice
662,Te prometo enviarte voltea mirada hacia bruja quiere confirmar si volverá verme
663,No querido Ole dice Bruja Rumana despide
664,Tanto tiempo esperando revolución revolución sucedió sólo nadie preocupó avisarme conocía piensa/sabe O. Todo hermoso lento piensa sabe si O despierta logra salir cueva va morir
665,El Profesor O piensa sabe cae cueva rompe columna muere asfixiado
666,Su funeral Puerto Rico
667,Alfred prefirió ir
668,Trilcinea dijo palabra
669,Yo acerqué padres devastados O
670,No hice decir nombre padre fundió pecho abrazo pulpo
671,Quise pude escribir obituario
672,La madre contactó días después diera vuelta casa
673,El padre escritor resignó darme computadora O insistencia madré pronto miraba hija
674,3/ Los años 2037-2040 Se abre puerta casa Artista Chilena Profesor Lagartija Brooklyn abre pregunta saludos transiciones corriente energía irradia cuerpo pequeñito Alice cargando maletas grandes Pero Alice sólo dice pide suplica fayor cuéntenme pasado
675,Hay alboroto sostenido puerto desembarcó
676,Se forman grupos tres cuatro personas intercambian información apartan nunca encontrarse unen grupos pasantes curiosidad inexplorada
677,Desconocidos ruegan algún dato insaciable sed colectiva imaginación
678,Todos niños pidiendo explicaciones cómo funciona universo especialmente viejos parecen tener sensación extraña vacío abismo podrán saciar preguntas morir aunque queden décadas vida
679,La gente quiere conversar acaba pasar opinión cualquiera importante ser opinión sino ser catalizador imaginativo droga merecemos mundo mismo merece tras tanta muerte cansancio
680,¡Todavía esperando confirmación oficial NASA grita Lagartijín cuarto mientras abandona computadora segundo saludar Titi Alice da besazo abraza comentarios ocasión grande guapo tiempo chicas locas contigo chicos mira edad mejor gusten ambos etc
681,sintetizados tierno presuroso bien ves Jincito
682,Lagartijín excusa casi gesto vuelve rápido puede cueva frente única computadora casa monopolizado últimos diez años
683,Pues Lagartijín despertó cinco media mañana noticia dice Profesor Lagartija
684,Con ciego terrible añade Chilena española deberíamos hacer Lagartija
685,Lo dice costumbre miedo piensa/sabe Alice sonriéndole amiga
686,Y resistencia continúa Profesor llega casa madrugada fiestón habiéndose metido despierta noticia lleva día pegado ordenador sin-dormir leyendo foros discusión contacto
687,Lagartijín interrumpe conversación Alice Chilena Profesor Lagartija información hormigas
688,Nos dice seres contactaron equivocaron creyeron especie dominante planeta hormigas si hormigas descifrado toda información enviaron antenas necesidad establecer lenguaje común precisamente gran reto Lagartijín manera quiere dejar saber mayores leído Kropotkin
689,¿Cómo encontrar lenguaje común especies inteligentes galaxia vienen conversando milenios quizá millones años
690,56 A Chilena gusta idea entrar conversación ¿in media res
691,Dice juego infantil dos chicos toman cuerda puntas mueven círculos tercero encuentre momento preciso entrada
692,Es diferente siempre soñamos momento dice Alice
693,Siempre pensamos contacto total ser saliendo nave espacial extraña recibimos mensaje codificado lenguaje matemáticas saludo bienvenida comunidad galáctica siempre visto nunca supimos ahí
694,Lagartijín interrumpe Alice decirle saludo matemáticos hackers escribiendo foros mensaje presenta cierta urgencia comunican necesitan precisan pongamos comunidad galáctica rápido posible
695,Pero ¿cómo comunicaron
696,¿Cómo llegaron directamente público gobierno pregunta Alice
697,Los primeros reportar Wikileaks información hizo viral
698,Allí mism través única computadora caga Mac 2019 pueden ver mensaje entero
699,En sala lá Casa Lagartija conversación llena silencios
700,Cada Pregunta cada comentarlo recibe largas respiraciones suben techo atraen miradas silencios reflexivos cada palabra dice catalizador humo
701,Es buenísimo información hecho viral tan rápido así corporaciones pueden manipularla favor escondérnosla dice Alice
702,Aun así van aprovecharse evento militarizar vida todavía replica Profesor Lagartija
703,Lagartijín grita refutación cuarto levantarse computadora acto seguido da raya coca espaldas puerta seguir despierto
704,Dice anticipado varios grupos activistas arguyen militarización innecesaria mensaje establece claramente ninguna innumerables poblaciones existen galaxia podido resolver problema viajar rápido luz manera contacto físico intercambio material impensables única forma contacto posible tener distancias interestelares ondas informativas
705,En galaxia sólo puede conversar único puede intercambiar conversaciones
706,Si podemos encontrarnos físicamente intercambiar material ninguna excusa carrera armamentística siquiera transacciones económicas
707,¡Sólo podemos conversar grita alegría Chilena prepara porro gordo gigantesco fuerte obvio pedido telepático Alice Profesor Lagartija mueren pensar Contacto lentes verdes
708,Sólo Lagartijín vibra intensa niega fumar conversación barrio galáctico hiperpoblado ¿sobrepoblado pregunta momento Profesor culturas completamente diferentes planeta desencadena delicioso incontrolable impulso seguir probando hipótesis imaginativas alargue jangueo conversación llena silencios alrededor mesa escena repite mismo momento todas casas habitadas Brooklyn planeta
709,Y hablan
710,Y hablan
711,Y fuman siguen fumando comparten unas botellas chicha durazno Alice 58 trajo Bolivia
712,Y hablan posibilidad especies pensaran manera colectiva planetaria hablan planetas enteramente habitados solo organismo tivos universos juntan información genética universo reproducen entonces nacerían pequeñas variaciones código leves diferencias leyes físicas
713,Contemplan adrenalina cansancio posibilidad lejana galaxias universo tan pobladas
714,Y luego conversaciones impresionistas O pixeladas cada hablador verbaliza posibilidad vez continuar externalizando introspección conversación puntilleos especulativos cada proyecta deseo temor ver mundo Ellos ¿Y si azules capaces proyectar sueños realidad
715,¿Cómo música
716,Seguro muchas especies sistemas musicales si azules pues seguro
717,Seguro aliens tecnologías permiten controlar planetas enteros manipular estrellas controlar burbujas radioactivas sistemas solares Me pregunto si mundos chinga bueno chingar saciedad marca universal seres inteligentes galaxia
718,¿Y si pasan milenios nunca logramos entendernos
719,¡Milenios
720,Siempre ahí sabíamos casi bonito
721,Hubiera sido lindo nunca sabido pasáramos fantasmas galaxia enterarnos existencia Ellos encontraran 39 restos millones años después inevitable muerte especie perdido lamentaran
722,Se escucha ladrido desaprobación cuarto Lagartijín
723,¿Y si periódico interestelar resumen acontecimientos vecindad galáctica
724,¿Contarán chismes mundos
725,Seguro
726,Seguro tratado comunicarse
727,Ese mensaje llegó deben haber enviado hace cien años
728,¡Eso sabemos grita Lagartijín cuarto
729,¡El mensaje tomó 50 añoserttepar Y dejen referirse Ellos solo grupo
730,¡¡¡Son
731,Por ahí lentos mueven despacito temporalidad basada metabolismo
732,Exacto
733,Es metabolismo determina tiempo
734,Qué tan rápido conviertes jamón mierda determina temporalidad
735,Por ahí lentos muy pequeños lentos grandes rápidos rapidísimos viven mueren dos segundos humanos toda vida
736,Así mundos comunican términos generaciones
737,Cada mensaje contestado nietos bisnietos Así menos
738,¡Estáis fumaos sermonea Lagartijín parece latinoamericano habla castellano peninsular padres norteamericano
739,¡Ásí puede chavales
740,¡Dejaros gilipolleces ponerse leer siendo publicado foros
741,¡Esto serjo
742,¡Serio
743,Hay volver pregunta sexo acá
744,Estamos asumiendo S£neraciones manera reproducen manera sexo
745,60 Todo vivo
746,Somos numerosas especies bacterias habitan estómago ayudan digerir
747,Habitamos estómago galaxia metabolizador universal
748,¡Basta
749,Y así después rato sucede cualquier noticia discutida amigos fuman pasto pasan temas importantes dejan contacto tintero preguntan Alice viajes proyectos Profesor Lagartija habla libro escribiendo Chilena interrumpe enseñarle Alice ve hace diez años nueva instalación
750,Y Lagartijín colapsa cama ronca siguen hablando bebiendo horas cada hora hablan duro ríen boca jarro despiertan Lagartijín resignado dormir dado ruido une conversación mientras hace café enciende finalmente porro pasto mejor padres Chilena aprovecha oportunidad nuevo porro pregunta Alice finalmente Trilcinea
751,Tijín intuye tres borrachos apestosos cigarrillo pasto hablar Trilci escucha atención
752,Alice cuenta cómo Trilci enferma barco tomaron Puerto Rico pasando Canal Panamá Juego puerto Arica Bolivia Trilci casi podía comer llegamos Bolivia
753,La conexión Tiago funcionó súper bien
754,Nos recogieron La Paz camino alturas contaron hacían
755,Tiago contado experiencias comedores escolares SODIE necesidad huir Puerto Rico
756,Desde primer momento dijeron gustaba hacíamos 61 drogas mariconerías imaginara venir muerte feliz
757,Pero ganas trabajar compartir experiencias
758,Trilci enferma primeras semanas allí buenísimas
759,Pocos años Alice Trilcinea conectadas Tiago largado Puerto Rico hacia cárcel Bolivia
760,Una cárcel retomada supuesto
761,Una cárcel parecía La Catedral Tiago
762,La Chilena intuyendo Alice lista hablar Trilci pregunta cómo empezó catedral/cárcel Bolivia
763,Pues empezó hace veinte años desmadre grupos humanitarios quejaban niños cárcel Bolivia
764,Los niños entraban sistema muy sutil corrupción policial sólo permitía ingreso niños sino verduras familias bebidas modo cárcel boliviana vuelto cárcel modelo derechos sino infracciones
765,Entonces gente llegaba trabajar voluntarios dilema denuncias corta visitas alimentos arma huelga hambre presos cosen bocas bregas transa
766,De transgresiones convirtieron cultura convivencia violencia
767,Cuando llegamos allí Trilci hicimos propuesta introducir pijchado Lagartija idea sustituir pasta base tampoco saben piensan crack
768,Entonces compañeras armábamos cárcel acullis Lagartija contienen risa piensan marihuana ¿qué entonces pijchado
769,invitábamos pesados claro debería haber sido política sistemática acompañada gente sabe
770,Porque único logramos picara ganas
771,62 Claro muchachos picaban aire verdad aculli ajtapi ¡uf hacen mal nadie
772,Pero situación intervinimos lucha marihuaneros basuqueros tampoco saben basuquero imaginan últimos pueden matar mamá conseguir dosis cambio marihuanero ética
773,Ahí ocurrió hablar compañeros viejos guerrilla katarista todavía preso quería ver cómo podía hacer pasta base matara
774,¿Qué hace
775,¿Denuncias cortan
776,¿Transas cómplice mafia
777,¿O usas transa crear espacio ética menos saque adelante mínimo valores
778,Historia oral acullicu comida hacíamos
779,Pero oponerse dragón canica
780,Un juego niños empezamos meter cocinas
781,Ninguno tres Lagartijas atreve decir
782,Es prólogos piensa/sabe Chilena inventa prólogos hace interesantes convertimos prólogo libro libro duele Alice ganas olvidar pensar cosas
783,Pues apenas par meses allí felices dos enamorándonos nuevo volviendo nacer luego perdimos Puerto Rico enteramos Trilci muriendo manera curarla
784,Ella desesperó primeros días luego aceptó Y tomó muerte oportunidad decía compañeros cárcel venido morir compartir Muerte feliz invitarlos aceptaran programas muerte felizy uso drogas buen vivir conocimiento 63 adquirimos Puerto Rico gracias morideros Tiago
785,Es decir aprendimos isla maldita mundo muriendo
786,Y quisieron
787,Venía días trabajar comedor semana morir
788,Yo desajusté tras muerte caminaba pesas bolsillos podía allí
789,Lagartija mira Alice ojos boca abiertos
790,Quiere decir consuele siempre tantas palabras sabe escuchar consolar tan borracho salen palabras cara paralizada cerebro enviando direcciones contradictorias empieza dar tic párpados tartamudea eterna acababa hacerse palabra
791,La Chilena solamente dice duro tía
792,Porque veces suficiente duro tía tres palabras casa refugio duro tía brisa
793,Tijín experto líneas fuga desplazar conversación entrar médula apilar muebles casa esquina pregunta Alice Gran Hambruna Puerto Rico Alfred
794,¿No contó Nueva York pasó hambruna isla pregunta Alice tres caras dispuestas dicen silencio salvo Lagartija escuchar primera vez Gran Hambruna extiende eeee tic demasiado procesar hombres da bien consolar salvo jóvenes
795,Pues van casi diez años comienza contarles Alice
796,Alfred Y Santurce empezó Trilci vivía cerca novio justo después mataran Jefe
797,De noche mañana cerraron puertos entraba salía tampoco manera 64 salir isla
798,Y pues claro pánico
799,Los militares metieron escuelas sitios podían confiscaban alimentos convertimos mendigos
800,Nos encerraron ciudad dejaban salir campo decían campos cuestión seguridad nacional ahora comida
801,Mucha gente empezó morir rápido luego despacito
802,Los niños iban primero
803,Para evitar contagios vez gente enfermaba feo echaban ciudad murieran desahuciados dejaban salir saludables
804,La cosa muy mala cuatro años sabemos bien información dos terceras partes población murió cuatro años
805,Puerto Rico producía alimentos Gran Hambruna diseño plan décadas sabían iba pasar
806,Nos daba miedo gente supiera gato casa comía gato cada esquina entendía Alfred gato muriendo hambre
807,Fue golpe poblacional diseñado
808,Sabían petróleo empezara escasear poblaciones completas podían desaparecer toque botón usarlos producir excedente bestia luego matarnos
809,Cerraron puertos casi matan querían matar punto
810,Que mueres unes militares esclavo hicieron entiende
811,Nosotros podíamos seguíamos gritando protestando cagábamos miedo muy cabrones disparando
812,Si encontramos contacto ejado Jefe mataran chances sobreviviríamos menos tres
813,El novio 65 Trilci desesperado mató después conseguimos salir San Juan costa oeste planes irnos República Dominicana mundo decía allí mejor dominicanos iba mejor Haití abundancia
814,Todo mundo quería irse Haití días plan salimos mapas Jefe llegamos oeste dio tratar conocer Tiago contacto Jefe quedamos Isabela trabajando moridero
815,Y cabrón todavía ciudad mantuvimos contacto secreto sólo compartimos Trilci cosa tan fea preferimos sobrevivir correr riesgo militares encontraran pasadizos secretos salir ciudad encontraran mítica Catedral tanta fe
816,Todavía pesadillas cantidad gente matamos mantener información La Catedral secreto sangre Nuestras manos
817,¿Y saben
818,Lagartija punto miedo pueda decir Alice mundo tan jodido describe és ajeno permanecido relativamente protegidos Nueva York aunque acojonaos cuenta Alice suena futuro siempre Caribe futuro modernidad alguna razón siento culpable haber matado gato compartido carne niños muriendo barrio bebitos vecinos puñeta sobrevivido Unos días proteína grasa gato escondimos hecho irrefutable salvado vida montón gente si compartido mapas conexiones dejó 66 Jefe morirse
819,Y gato menos excusa noble antropológica gato
820,No salvado vida nadie matar gato sólo podido prolongar inevitable
821,Pero conecte Jefe podido salvar mucha gente
822,Y castiga pesadillas haber escondido conecte sino haber escondido gato
823,¿Y sé
824,Una perdona años poquito
825,Apenas
826,Porque desastrosas realidades vida perdona actos homicidas
827,Los Lagartija puta idea dice Alice
828,Ella pensaba sabían Nueva York conocía realmente pasaba islas cerraron fronteras
829,Los tres boca abierta Profesor Lagartija casi convulsionando choque información borrachera pasto Alice cansa contar historias tristes
830,Es alarga anestesia cansa piensa/sabe Alice sabe demasiadas cosas
831,Para cambiar tema Alice exige Tijín delante padres favor explique descubierto aliens primero pase perico vio metiéndoselo escondido cuarto
832,Lagartija todavía paralizado borrachera necesidad decir pone todavía nervioso ahora tic párpados combina abrir cerrar labios parece dando derrame
833,La Chilena acepta verdad mesa así debería estarlo coca
834,Lagartijín hace requieren cuenta hipótesis aliens
835,Dice fuerte sonando foros Que mensaje dicen 67 varias cosas manipulación genética lleno dibujos doble hélice ADN genética parece tener ver biología
836,Carajo tan cuadrao Tijín dice Alice
837,Especula cuéntanos deseas mensaje aliens
838,Entonces Tijín cede invitación imaginar
839,Entiende mayores necesitan fantasías viejos vampiros precisan sangre joven
840,Ellos necesitan regenerarse ficciones produce dosis proporcionales tristeza solidaridad
841,Y entonces Lagartijín cuenta
842,Yo creo catedral fractalista Tiago respuesta pregunta aliens
843,Yo creo proponen fin objetivo meta
844,Nos dan claves matemáticas reproducir universo ayudarlos crear universos pequeños big bangs
845,La genética proponen ver biología Sino física
846,Nos dicen realmente genes cerebros yace información leyes física imperfectas ahí dan información reproducir universos parecidos continúe empezado extendernos prole átomos parece universo diferente universos condiciones mínimas emerja vida inteligente
847,El mensaje primer Contacto precisamente copular universos
848,A Lagartija va tic escucha hijo presentarle fantasía sostenible deseo extiende allá realidad
849,Y és feliz fantasías hijo helicóptero Onírico
850,Y queda dormido inconsciente roncando sonrisa silla casi cayéndose 68 caerse
851,Alice Chilena siguen hablando Tijín hueliendo ponen música bailan Ple cansancio sol bien salido tres dormidos misma cama mientras Tijín prepara salir trabajar
852,Y pasan días
853,Alice pone trabajar Chilena escuelas
854,Lagartija universidad
855,Tijín estudia mañana tarde rescata comida ciudad lleva centros trabaja Chilena
856,La conversación aliens sigue multiplicándose desconocidos siguen hablando primera vez años Nueva York lleno esperanzas
857,Y día conversación interrumpe policía militar mete centro alimentos rescatados llevarse Lagartijín miles jóvenes servicio militar obligatorio
858,Tijín muere medio batalla Texas rehúsa disparar
859,Lo saben padres Tijín robado ejército montón programas información hizo llegar Tiago La Catedral Puerto Rico nacería pichón nuevo mundo mientras cáscara pudre
860,Que Lagartijín primero efectivamente enviaría mensaje aliens azules enterarían dentro cincuenta años conversación extendería siglos
861,Y nunca enteraron desastrosas tragedias vida veces información haría felices alcanza
862,Tras muerte Tijín cientos muchachos secuestrados guerra existe madres muchachos primer contacto tiran calle
863,Pero Chilena encuentra solaz tirarse calle
864,Está harta muerte
865,Está apestada muerte
866,Su hijo 69 muerto plomo cadena muertes insoportable
867,Con hastío tristeza triste médula planea meses escondidas Lagartija Alice última obra comienza secreto campaña último viernes marzo ciudad haga silencio muertos costando luz eléctrica
868,Empieza simple acto desobediencia civil cualquiera puede participar
869,Ese viernes gente guarda silencio
870,Amanece noticiero matutino cuyos productores valientes deciden programa consista mismos periodistas televisivos siempre mirando cámaras absoluto silencio durante hora
871,Los maestros unen escuelas cierran pico
872,En subte repleto caminantes nadie habla
873,Los bares noche llenos parecen monasterios multitudes borrachos silencio borrachos hablan mierda
874,La Chilena luego procede segundo paso
875,A medianoche viernes Tierra va apagar
876,Estudia meses cómo sabotear sistemas electricidad última ciudad iluminada mundo último súper parásito planeta llega fecha buen fin semana Tierra fin apaga primer silencio luz ciento cincuenta años calla Tierra honrar muertos
877,Nada saben Alice Lagartija Chilena después noche nadie conversó
878,Alice queda vivir años Lagartija Brooklyn escriben
879,Escriben locos
880,Escriben si mundo acabando escritura único salvaría
881,Y mundo alguna manera bastante real acabando
882,Doce libros dos doce libros tres años realmente cartas próximas generaciones sino próximo mundo mundo sucederá sienten incapaces vivir
883,En año 2040 quitan vida juntos siguiendo pie letra instrucciones Trilcinea Alfred muerte feliz
884,Y saberlo rodeados solos muerte descubrieron desastrosas realidades vida sólo letra sobrevive desastre
885,"4/ El año 2704 I El corazón pajarito late cada 0,02 segundos cada 0,7 ballena azul cada minuto"
886,De misma manera corazón ciudad suele latir dos veces día
887,El universo late menos cada veintiséis billones años expansión Big Bang luego contracción proporcional
888,Un solo organismo múltiple dinámico cada individuo actuando neurona mente gigante
889,Si bien cada individuo material genético ligeramente distinto información contenida fácil acceso cerebro
890,Por digital duró
891,Su función mente ser espejo cerebro conoció mismo exteriorizándose haciéndose virtual
892,Todos datos almacenados digitalmente reflejo minúsculo convivían células
893,Tan sólo aprender lenguaje digital descifrar lenguaje código genético
894,Y entendimos finalmente genes transportan información necesaria reproducción
895,Fue entonces llegaron pitufos boxeadores
896,II Movida tal vez nostalgia produce petrificación pitufos Alicia región Trilce zona Atacamia propone rebuscar catorce libros biblioteca comarca conserva principios milenio
897,Recuerda clases imaginación histórica época producían muchísimas copias mismo libro tras gran meseta sucedió tiempo decidido copia cada libro suficiente mantener registro consulta período todas copias gasto innecesario despedazadas convertirían basura radioactiva desierto
898,Cada comarca alrededor globo mantenía seis veinticuatro libros época todas copias únicas libro leído vez cualquiera suficiente incorporarlo
899,Entre catorce libros recuerda muy vagamente intuición indicio contiene clave pitufos perturban
900,Abandona meditaciones recoge unas peras va ciclosombrilla radiosensible fotando saltos hondas radiación biblioteca
901,Atacamia jardines verdes subterráneos cavernas madrigueras lobo luz artificial extraída alta radiación desierto arriba
902,La radiación tan alta planeta vida sólo puede sostener resguardada sol
903,Las plantas quedan violetas verdes crecen alrededor cúpulas mega-gazebos antirradiación cubiertos paneles solares hacen rebotar rayos sol
904,De manera Alicia mientras fora ciclosombrilla radiosensible aire puede ver toda región Atacamia iluminada reflejo lumínico paneles solares antirradioactivos
905,Y sombrillas colorado barroso
906,Allí Atacamia cuevas cúpulas vida sobrevive
907,En biblioteca revisa catorce libros leído niñez
908,Sólo encuentra referencia pitufos libro parece poesía historia
909,Pero dice procedencia pitufos
910,El libro titula La dignidad escrito español premesético
911,III Sabemos siglos Tierra fize ángelada seres bellos solos mortales
912,Los ángeles cantaban canciones héroes oyentes conocían oyentes cambiando siglos
913,Como muertos nombres asignaban
914,Los ángeles única ruina resistentes supersticiones mundo perdido
915,Y comenzaron habitar catedrales abandonadas
916,No entendíamos bien catedral veces asistíamos curiosos escuchar canciones embriagantes salían luz ángeles
917,Fue entonces Que llegaron azules pitufos boxeadores
918,Algunos crelamos venían inexplorado fondo mar viajeros galácticos
919,No parecían amenaza
920,Eran pequeñitos
921,Vivían temporalidad muy lenta
922,Tardaban semanas moverse cien metros
923,No animales vegetales fotosinterizaban apenas consumían agua cerebros muy grandes pata tamaño guantes sombreros rojos
924,La radiación afectaba manera únicos seres vivos Tierra paseaban gran desierto protección sombrillas decía sombreros rojos forma hongos protegían radiación
925,Durante tiempo regando planeta movían hacia ángeles atraídos parecer luz
926,Con lentitud vegetal reuniendo catedrales habitadas ángeles
927,Las abarrotaban extrayendo cada rayito luz ángel reproducían vez petrificaban estáticos haciéndose parte catedral simbiosis ángel nunca salía cantaba juglar bellos obituarios bautismos nominales
928,Desde hace sesenta años imposible entrar catedrales
929,Esa pérdida debería ser lamentada
930,Nosotros morimos río Vía Láctea lamentar catedrales
931,Nosotros amamos pierde pierde siempre futuro deberíamos entender catedrales volverán inevitablemente hacer
932,Pero misma compasión hizo mismos cuidados mantienen misma comuna galáctica simbiotizado llena inevitablemente nostalgia decir hambre futuro
933,IV Una últimas canciones/obituarios escuchó cantar ángeles pitufos sellaran obsesión petrificante catedrales canción/obituario tal Acteón Pacquiao guerrero moderno combinaba fluidez ataque imperceptible poder sonrisa intercambiables modos velocidad entropía
934,Era magia puede entender
935,¿Quién podría hacer entropías sonrisa
936,Nuestra única debilidad fascinación entendemos fascinación perturbadora lleva Alicia arrastrarse biblioteca
937,Nuestros razonamientos eficaces
938,Es decir incomprensible determina estúpido interesante defecto interés podemos entender Es decir debilidad interés pitufos ángeles catedrales cantaban obituarios héroes olvidados podíamos ver
939,V Y así comenzamos experimentar cárcel/catedral hecho azules atrapar luz canto ángeles
940,Los azules secreran aceites
941,El consumo droga hace lentos Introspectivos menos felices
942,Al consumirlo reconectamos universo biológico órganos internos
943,Nosotros mismos hacemos pequeñas catedrales/cárceles
944,Cuando drogamos lamiendo aceite secretan ranuras pitufos petrificados Preferimos concentrarnos flujo sangre venas curso ríos
945,En masturbación orgía
946,Llegamos entonces terrible conclusión pitufos sustancia hechos
947,Los pitufos río Nos arrebata Pero río tigre destroza Pero tigre droga consume Pero droga
948,Los pitufos alegremente reales alegremente
949,76 VI Alicia lame pitufo día convence hacen hueco entrar catedral
950,Adentro flota atmósfera gravedad catedral gigantesca columnas elevan techo caras azules pitufo guantes rojizos boxeo
951,Ella flota luz verde ángel baila ritmo canto ángel canta canción guerrero llamado Inca Valores segunda cara pecho daba discursos dormía
952,Ante falta gravedad Alicia vuela bailando ángel usa brazos alas zigzaguea columnas llegar alto techo vuelve bajar picada sólo notar guantes pitufos agrietados grietas sale leche El ángel detiene canto intoxicarse leche Alicia hace mismo feliz nunca quiere salir catedral
953,Cuatro meses permaneció salir catedral sólo entonces luz verde ángel llegó obituario
954,Los pitufos van matar justo matando bien exterminen bien
955,5/ El año 2033 Se sienta ventana observa mar
956,Puede oler salitre cargado viento marino
957,Percibe pescado casa
958,Dos horas después llega ventana opuesta
959,Puede oler río brisa vegetal emana
960,Puede ver montaña
961,Observa iguanas monos ahora tarde suben buscar cobijo agua fresca
962,Mira hacia afuera seguridad territorio
963,Estamos protegidos piensa/sabe
964,No mal decisión completamente unilateral tomaron gatos gigantes pelo grupo
965,Ellos decidieron mudáramos nuevo recinto
966,No mal
967,Sobre acá comida temer gatos grandes tanta hambre vivíamos
968,De todas maneras debieron haberme consultado
969,Siente presencia Alice espaldas acerca acaricia
970,Voltea mirada posa fijamente ojos
971,No recriminación
972,Acerca nariz gesto aprobación piensa/sabe medio autoritaria sigue siendo gata
973,Por supuesto desplomaría piensa/ sabe
974,Nunca trabajado mudaron Santurce urbano Isabela despoblada marina
975,Sus labores indispensables urgentes
976,78 Vigilo ventanas salen cazar mantengo alacena limpia roedores si bien cada vez menos comida gusta comida guardan gustan ratones vienen mantengo limpio estiro medito duermo unas veinte horas día
977,Dormir día cosa fácil
978,Especialmente habitaciones contiguas habitan doce moribundos
979,El olor muerte molesta gatos
980,Es parte
981,Y moribundos mejor gente muy cariñosa tranquila
982,Ellos duermen sólo levantan estirarse comer acariciarnos
983,Corrijo
984,Mi labor bonito moribundos disfruten asistir muerte feliz predican gatos Alice Alfred Trilcinea embargo únicos perturban paz casa
985,Se mueven demasiado
986,Casi duermen
987,Entran salen casa día moviendo cosas lugar incansables productores caos
988,Y gato pasa día habitación habitación asegurándose tomarse siesta menos media hora cada moribundos
989,Todos acarician manera diferente complementaria
990,Me acarician quieren aun muriéndose Muy bonito
991,Muy bonito
992,Seguro dios
993,Tanto orejas nariz detectan Alfred abre puerta trae consigo bacalao
994,Corre puerta recibirlo ser bonito chantajear pescado
995,Alfred puede evitar Siempre da gato pide Consentidor siempre creído gato da da gato entonces da bacalao mima
996,El gato devolvió sanidad mental época agonía
997,Se ve preocupado Alfred
998,Tiene piel tostada
999,No duerme pensando problemas En 79 cositas responsabilidades
1000,Sólo fuma calma cocina
1001,Se mueve rápido lleva bacalao cocina
1002,Le da beso piquito Alice
1003,Busca papas alacena
1004,Ordena bandejas
1005,Saca cuchillos pinzas filetear luego desmenuzar bacalao
1006,Alice sincroniza movimientos Alfred
1007,Llevan años cocinando juntos
1008,Antes consultaban debatían ingredientes cada plato veces peleaban
1009,Ella influencia muy francesa manera cocinar Alfred odiaba franceses
1010,A Alice cambio parecía Alfred medio bestia cocina delicado prestaba atención detalle demasiado ojo poca ciencia
1011,Pero tras años práctica después escasez si cerebros culinarios hicieran hemisferios complementarios mueven hablar hace falta Porque cocina comunican mejor cualquier sitio dos llenos preocupaciones cocina olvidan simplifican ponen perspectiva Porque alimentar gente siempre importante vital preocupaciones
1012,Al ver cantidades bacalao trajo Alfred Alice busca cubo sal pesa va salando buen número filetes secar Y Preservarlos
1013,Hoy van hacer bacalhoada decidieron sabían Alfred iba encontrar bacalao costa discutido obvio consigue bacalao cocinar quince personas obvio bacalhoada pueden aprovechar raciones menguantes papas cebollas pimientos tomates pueden echar perder
1014,Encienden horno
1015,Alice pone secar mitad bacalao
1016,A Alfred Parece confía desaparece momento rumbo patio
1017,El gato 80 ventana mira odio gallinas
1018,Alice vuelve huevos pueden complementar proteína bacalao
1019,El gato mira ventana cocina espectáculo ver movimientos sincronizados Alice Alfred olores calores generan satisfecho sigue comiendo Alfred tira
1020,Hierven papas huevos agua mar luego sacan cortan cortan cebolla pimientos tomates juntan bacalao deshilachado seis bandejas aceite
1021,Y allí baile gatos caos ordenado amantes hablarse alimentar elevan encima ansiedades allí cocina silencio lleno ruidos olores logran producen espacio paz casa llena muerte
1022,Ponen bandejas horno
1023,Y sólo entonces Alfred respira hondo pide Alice acompañe costa asamblea comunas
1024,Hay desconcierto gente rumores milicias quieren cobrarles impuesto alimentario faltando comida San Juan Guaynabo rumores facción culpa moridero atraer atención innecesaria recursos clandestinos circulan ahí deberían negar recursos moribundos combatir falsa impresión sobra comida Alice ganas Alice sabe huida inevitable mejor aprender bien artes muerte feliz allí huir conocimientos
1025,Además puede confiar Alfred
1026,Ella sigue queriendo arrepentirse loco ratón mecánico
1027,Loco insoportable
1028,Ella planes secretos planes noche llevárselos gato Trilci misteriosa Catedral habla conseguir algún conecte traslade Haití Haití nunca tan bien ahora crisis petróleo
1029,El resto mundo muriéndose hambrunas haitianos gozando ahora defender frontera República Dominicana
1030,Alfred va asamblea
1031,El gato va dormir coronel Carlos viejo muy enfermo apenas levanta cama
1032,El coronel Carlos sólo encuentra paz morfina compañía felina
1033,El trabajo cocina nunca termina
1034,No va haber cena hoy Alice busca huevos limones caña azúcar queso
1035,Se vuelve abrir puerta casa gato levanta Pero despereza cama Carlos avisándole va Poner buena cosa despierte
1036,Trilci abre puerta última luz vespertina
1037,El gato asocia Trilci olor marihuana marihuana catnip catnip buena onda buen humor moribundos reúnen sala grande fumar contar historias Para distraerse dolores mientras Alice cocina precario cheesecake limón
1038,El coronel Carlos cruza dedos Para coca escaseando
1039,Cuando Carlos fuma pone muy creativo
1040,Es desertor ejército americano coronel años servicio volvieron loco
1041,Cuando Alice llegó Isabela mapas documentos Jefe hace par años buscando tal Tiago -según decía Jefe morir- Vivía catedral recursos proteger mucha gente Nunca encontró Tiago encontró coronel Carlos conocía Tiago dedicaba traficar recursos Catedral morideros circundantes
1042,El coronel embargo paranoico desconfiado negaba conectar directamente Alice 82 Alfred Trilci Tiago gente Catedral
1043,Unos años durante Gran Hambruna coronel traumatizado cantidad gente moría mientras militares confiscaban recursos
1044,Fue entonces decidió desertar robar varios contenedores repletos suministros médicos alimentos lata materiales construcción montón maletines morfina coca
1045,Entonces empezó morirse propuso Alice crearan moridero muerte feliz contacto Catedral suministros robó comida drogas medicinas iban faltar podían hacer chulo levantar ánimos gente empezaba recuperarse desmadre Gran Hambruna podían hacer gente moría enfermedades bobas
1046,Eso asusta Alice
1047,No insurgencia guerrilla haciendo sabe brazo militar gusta presencia morideros esperando menor excusa eliminarlos Y mueras Carlos ¿cómo vamos conseguir suministros moridero siga corriendo
1048,El gato Alice gato sabe secretos
1049,Cuando muera pregúntale gato
1050,Parece chiste Alice intuye
1051,Carlos pasa horas hablándole gato
1052,El gato aprecia
1053,Lo mira ojos mientras coronel suelta largos monólogos grupos fractalistas Catedral clandestina biocentrismo
1054,Carlos respeta piensa gato
1055,Alice sigue siendo favorita Trilci siempre trae buena onda Alfred muy Carl ñoso mima da pescao Pero coronel respeta habla poner voz idiota llama Mandelbrot 83 dice cuerpo deformado admira belleza
1056,Es muy bonito ¿ya dije
1057,Todos moribundos reúnen sala fumar pasto Trilci
1058,El gato corre adonde exige c41 1fp Trilci complace
1059,Todos relajan sala llena humo gato corre ventana demencial intensidad
1060,Carlos empieza contar división grupos fractalistas
1061,El gato sabe historias
1062,Todos conocen coronel siempre contaba arrebatados siempre olvidaba siempre querían fantasear
1063,Los primeros fractalistas postulaban todas galaxias estrellas vemos distancia propio épocas mismo sistema solar universo burbuja imágenes proyectadas rebotan paredes universo multiplican infinitamente misma luz mismos objetos incalculables tiempos diferentes sino galaxia repetida infinito proyección incluso átomos constituyen rebotes galaxia cada cosa adentro afuera cada
1064,O Carlos adentro montón veces
1065,Por supuesto Trilci querida pones tan fácil
1066,Y Trilci gusta ponérsela fácil Carlos piropee gusta darle placer viejo loco moribundo pone duro cantidades morfina mete si lograra primero haría masturbarse pensando
1067,Trilci Alfred dejan mirar acuestan juntos
1068,A Alice Alice da vergüenza aunque admita resiente amoríos Alfred Trilci
1069,No Alfred hace tiempo dejado amar quiere cosa
1070,En últimos años sólo Trilci despierta deseo Alice
1071,Alfred siempre decía llegaron Puerto Rico cambio fundamental Alice pasiones intensas voraces literatura amor cocina actos sociales veía actos bastante solitarios domésticos
1072,Pero Puerto Rico comenzó desarrollar pasión clan tribu
1073,Es mató ángel llegó isla Alfred dice Trilci veía cambio
1074,Trilci si entendiera perfectamente tomó ángel personaje misterioso siempre hablaba Alice apropió convirtió personaje malvado némesis pitufos Alfred
1075,Nosotros cíclicos sigue contando Carlos predica iglesia único podemos encontrar galaxias pasado futuro Tierra atrapado burbuja
1076,Cuando físicos fractalistas confirmaron descubrimiento tristeza tristeza tranquila grupos fractalistas tristeza liberadora especialmente ahora pensaban mundo acabando
1077,Pero grupos optimistas desesperados
1078,Como gato interrumpe Trilci encanta interrumpir baboserías Carlos ¿no ves cómo corre goza droga todas miradas Posan gato sonrisas
1079,Me encanta miren muy bonito
1080,Y sabe muriendo dice moribundas olemos muerte sabe
1081,Huelen gente buena responde Trilci huelen vida amor
1082,Se muriendo 85 muriendo gato sabe bien bueno según Carlos muriendo rebotando mejor
1083,Exactamente dice Carlos aprovecha continuar
1084,Ese precisamente problema dos bandos fractalistas
1085,Los primeros dicen ingenuamente fractal fractal única ley tela espacio-tiempo membrana escalas interdependientes comunicadas vibraciones rebote frecuencias gravedad
1086,El segundo grupo fractalista salió primero decían efecto fractal tan sólo percibimos fractal
1087,Todas percepciones universo utilizan fractal modo organizar información
1088,Vivimos atrapados imperio forma podemos percibir
1089,El fractal real universo cuestión antropológica organiza percepción universo
1090,Los fractalistas segunda onda entonces creían necesidad romper formas fractales finalmente entrar perceptivamente universo
1091,Carlos cuentero sigue contando contando historias fractalistas cada minuto pierde oyentes empiezan propias conversaciones arrebatadas Trilci ocurre buena idea sacar hojas sueltas lápices poner moribundos arrebatados dibujar fractales quieran muy divertido
1092,Que escojan forma repitan fractales nadie entiende pide coronel muestre cómo hace fractales siempre enseñando entusiasman mientras irregulares lindos quedan cuestión perseverancia repetir misma imagen escalas diferentes mantra
1093,Y cae noche noches llegan caen
1094,En tiempo O dicho apagan Alice enciende
1095,Espera Alfred vuelva asamblea servir cheesecalee limón
1096,Le tomó tres semanas obtener ingredientes ayuda coronel contactos clandestinos
1097,Alfred cuenta éxito intercambiando litros gasolina quedaban kilo coca comuna vecina alegran menos quedan despiertos
1098,Alice sabía
1099,Por bajo Alfred cuenta fea cosa asamblea odio miedo morideros comunas vecinas hacer
1100,Y medio Jangueo —todos arrebatadísimos Alice puesto cantidades bravas marihuana concentrada cheesecake limón- Alice cuela cuarto Carlos
1101,El coronel cama amarrándose brazo meterse morfina
1102,Álice trepa encima enseña tetas
1103,El coronel alegra
1104,Finalmente piensa
1105,Alice mientras acaricia pelo dice Carlos dar contacto La Catedral clandestina dar ahora mismo
1106,El coronel inmutarse Y tratando éxito pare repite preocupe cun AS ra gato va decir cómo encontrar contacto
1107,Alice Cree punto
1108,Carlos vamos aquí Misma noche papito vas decir ahora mismo lujo detalle CÓMO contactamos Tiago gente La Catedral
1109,Me Importa carajo gato
1110,Yo creo creo aquí mismo inyección Concentrada morfina ahora mismo fuerte si dices voy inyectar vas morir noche
1111,Pero si dices pues dejo suministros doce uedan morir tranquilos gozando
1112,Yo llevo cuidando dos años
1113,Tú sabes puedes confiar digo puedes confiar hecho voy dejar suministros mueran tranquilos puedes confiar hecho si das conecte voy matar mismita noche
1114,Ustedes muriendo Alfred Trilci gato saludables
1115,No puedes llevar gato Alice puedes dejar gato suplica coronel
1116,Ay Carlitos
1117,Tú encanto
1118,Tú sabes queremos
1119,Pero sabes sido muy cabrón escondiendo contacto suministros mantenernos amarrados aquí
1120,Nosotros sólo queremos chance llegar Haití chance sobrevivir
1121,Tú conoces militares sabes acá van matar cuanto encuentren excusa
1122,Carlos agarra tetas Alice llora confiesa hacer contactarse Tiago La Catedral
1123,Alice empacado necesario Trilci Alfred convence vayan inmediatamente misma noche mientras moribundos arrebatadísimos cheesecake limón tiempo perder allí bacalao seco suministros durar unas buenas semanas
1124,Y Alfred Trilci confiaban vida Alice hacen caso
1125,En caminata cuatro horas nocturnas La Catedral
1126,Tan sólo vez voltearon mirada ver ventanas iluminadas moridero doce moribundos festón tal vez último
1127,La 88 Catedral montaña pensaban unas cuevas escondidas acantilados
1128,Los recibe vieja rumana dan primera contraseña dio coronel Pitufos fractales
1129,La vieja rumana vivía cuevas abajo cuevas antesala La Catedral aloja tres gato resto noche
1130,El gato muerto miedo
1131,La cueva llena mariposas
1132,El sonido ensordecedor olas aturden desorientan estrés permanente pobre felino
1133,A Alfred Alice Trilci levantan primera luz sobrecoge vista mar inmenso cuevas acantilados
1134,La rumana muestra unas escaleras escondidas conducen La Catedral
1135,La rumana dice vez suban escaleras dar segunda contraseña entrar pregunta quién contacto
1136,Tiago dijeron
1137,Al subir maravillan electricidad cueva mientras adentran mariposas
1138,Nuñca podido anticipar encontrarían allí
1139,La Catedrales ciudad inmensa hecha túneles recintos centrales huecos luz techo recintos pequeños ventanas naturales dan mar
1140,Está llena niños adolescentes pocos viejos extiende kilómetros acantilados costa noroeste Puerto Rico
1141,Ven tuberías gigantes bajan picada fondo mar ven salón central espacioso techo extiende cien metros cielo cueva ven techo bóveda circular entra luz sol tapada vitrales verdes rojos amarillos diseño monumental orquídea cielo lleno mariposas vivas ven incontables especies plantas cuelgan techo ven decenas adolescentes niños trabajando 89 computadoras programando máquinas incansables arreglan interiores La Catedral ascensores bajan fondo mar suben alimentos ven pocos viejos organizan bibliotecas ven mapa interactivo mundo pantalla oscura suelta nú- meros viajan continente latinoamericano ven interminables ruedas alambres válvulas cristales contenedores túneles subterráneos parecen infinitos laboratorios centros metalúrgicos vagones trenes mineros apenas producen ruido parecen sostenidos electromagnetismo ven engranaje abundancia subterránea bajo superficie mundo completamente modificado escasez apenas hablar sienten juntos triste hermosa fortuna ser testigos futuro necesita
1142,La vieja rumana conduce túneles interminables deliberadamente desorienta sepan cómo salir
1143,No confíe conoce sino parte protocolo dice manera explícita pueden confiar gente edades tres
1144,Sólo viejos niños puede confiar
1145,Ellos tres parte llenos preguntas maravilla visual cada recintos deja palabras
1146,Tiago trabaja próxima habitación vista mar
1147,Él contestará preguntas
1148,Y sucede Tiago niño trece años sorprende ninguno tres
1149,Parece niño muy maduro edad allí
1150,Tiago emociona ve gato aterrorizado canasta
1151,Tengo idea dice presentarse habitación lado unas ventanas grandes camomila arbolito limón podemos soltar gato allí va gustar 90 muchas mariposas
1152,Tiago libera canasta gato corre esconderse cara metida planta camomila
1153,No preparado mudanza ¿qué especie tortura tramando captores piensa/sabe gato
1154,Tiago abre almeja ofrece gato mira Alice buscar aprobación
1155,Alice pestañea vamos probar ofrece pitufo
1156,Todos sientan alrededor arbolito limón miran inmensidad mar
1157,Tienen preguntas saben cómo empezar Tiago parece interesado gato
1158,Alfred quiere preguntar electricidad má- quinas ¿cómo posible si militares petró- leo queda
1159,Trilci quiere preguntar bóveda vitral orquídea techo salón quiere preguntar tantos niños dónde vienen hacen allí significa mapa mundo optimista quiere pensar finalmente acaban conectar revolución global
1160,Alice siempre desconfiada quisiera preguntarle Tiago va pasar ahora visto toda ciudad catedral clandestina acantilado
1161,Sospecha dejarán salir ahora saben demasiado nunca bueno tres prefieren preguntar lleguen respuestas solas
1162,Tiago rompe hielo
1163,Me dice rumana ustedes contraseña coronel ¿Ya murió Carlos
1164,El ayudó principio dio mucha pena pudiéramos curar condición
1165,La última vez habló dijo muchas cosas buenas ustedes tres importaba verdad morideros disfrutaban
1166,Pero 9 fin muchas preguntas ¿no
1167,Las tres cabezas asienten sin-decir gato pestañea
1168,Si hago bonito pitufo da almeja
1169,Pues sitio muchas catedrales llaman ustedes regadas sitios aunque logrado conectarlas todas
1170,Las conocemos muy diferentes unidas varios principios casi todas coincidimos
1171,Tenemos dos misiones
1172,La primera construir mundo funcione economía basada recursos dinero
1173,Para usamos versiones diariamente actualizadas software calcula recursos analizando prioridades biológicas ingenieros mecánicos programadores máquinas hacen trabajo
1174,Tiago comporta adulto excelentes modales vocabulario profesor inteligencia matemático sólo niño trece años
1175,A Trilci encanta quiere comer
1176,Alice siempre paranoica sospecha
1177,Los niños saltan adolescencia convierten gente cruel adultos
1178,Alfred cree escuchando voces pitufos nuevo punto gritar callarlas resiste mirando lados escuchando ser extraño demasiado elocuente edad sino mundo puro delirio
1179,— Lasegunda misión continúa Tiago asistir transición gente muriendo
1180,Y ahí entran morideros Trilci llamado muerte feliz Nos encantó coronel dijo llamabas así concepto plagiado muchas catedrales Trilci así famosa saberlo
1181,Es chicos ¡el chico llama chicos
1182,paradigma sobreproducción petróleo cada año triplicar producción año anterior simplemente presente funcione siempre deuda basado permanente sobreproducción niños cada año planeta sobrepoblado anterior
1183,Entonces sabemos transición mucha gente va morir
1184,Estamos resaca
1185,Aprendemos solidarizarnos moribundos asistirlos muerte
1186,Los viejos ven acá enseñan compasión compasión clave mundo creando gente confundida opone compasión mejor manera enseñar compasión morideros asistiendo muerte feliz cosa crear espacio sufren dignidad
1187,Ahora Trilci sospecha cuenta Tiago
1188,Para Alice embargo perfecto
1189,Le da paz idea
1190,Aceptar muerte hacerla insignificante darle sólo felicidad ciudad niños La Catedral chances ser feliz propia decadente generación
1191,Alfred cambio borde ataque nervioso
1192,Suda frío vista vertiginosa inmensidad mar cueva ayudando
1193,El gato entra confianza
1194,Sale escondite huele inspecciona Tiago Luego pone cazar mariposas
1195,Por acá casi niños
1196,No todas catedrales adoptado idea
1197,Eso ustedes veían películas apocalípticas darwinianas ¿quién debe sobrevivir quién
1198,Nuestro punto Queremos construir distribuya recursos ahí mejor empezar niños días exiliados capitales mandados morir
1199,Nosotros sólo asilamos niños menores diez
1200,Yo llegué aquí Jefe 93 siete años
1201,El Jefe rescató mataron papás
1202,Los conocía mamá maestra papá ingeniero junto Jefe iniciaron proyecto hace veinte años ... Y siguen historias Tiago variadas reacciones escuchas
1203,Les cuenta ahora pueden utilizar mucha energía solar eólica militares descubrirían muy rápido acantilado protegidos toda energía extraen marea violencia olas ponen pesa metal varias toneladas flotar olas sujetada brazo mecánico áíando olas hacen subir pesa generan mucha energía rebote Alfred fascinado mar mismo ilumine catedral cambios marea fuente energía meseta dinámica empieza pensar piedra acantilado prótesis mar piensa amigo Profesor O veía continuidad movimientos redes temporalidades series
1204,Durante siguientes semanas Tiago desarrolla plan nuevos huéspedes
1205,Los pone estudiar conocimientos desarrollando ahí usarlos mensajeros enviarlos catedrales apenas comenzando
1206,Trilc Alice ponen muy contentas misión Alfred cuesta concentrarse
1207,Su neurosis agudiza acantilados
1208,Él hecho nuevo mundo perdiendo cable tierra yoces alucinaciones invaden
1209,Tiago recomienda escriba ahí escritura medio uede anclar
1210,Pero lucha interna pasado resiste aun perdido punto apoyo medio presente exige adaptación fulminante Alfred larga encarnizada tremenda
1211,En fondo sobrevive tenaz irreductible sensibilidad romántica escritor juego valores fundamentales vida solamente afuera brega afán voluntarioso ahogar ser profundo individual historia pasada reemplazarlo pluralidad externa historia nueva
1212,Y día luego pasar casi dos meses La Catedral Alfred encuentra Tiago borde precipicios cuenta cumplió misión finalmente terminó escribir alucinaciones mundo vendrá futuro lejano medio milenio mundo ciclosombrillas radiosensibles ángeles/juglares cantan historias boxeadores muertos
1213,¿Has escuchado Alice hablar ángel pregunta Tiago
1214,Por dos décadas Alice hablado ángel terminó matando amigo O. Y Alfred explaya vez cuenta Tiago ángel pitufos pitufos advierten peligros ángel
1215,Y gato sabe memoria historia ángel pitufos bosteza aburre mirando precipicio Tiago observa gato mientras Alfred sigue sigue hablando descargando adolescente trece años traumas narcisistas El gato insiste EN pensar ve muy bonito
1216,Ahora Alfred llora mientras sigue hablando
1217,Y Tiago respira hondo busca paciencia gato mira complicidad
1218,Que bosta piensa gato aunque Tiago sabe portugués piensa bosta
1219,Tiago entonces pone mano espalda 2 Alfred hace percibe acto consolación sigue perorata melancólica narcisista -con toda fuerza— Tiago empuja Alfred precipicio
1220,El gato acerca límite acantilado
1221,Observa compañero caer voltea mirada hacia Tiago sorprendido observa gato aprueba homicidio
1222,Tiago gato dicen Alice Trilcinea Alfred suicidado luego escribir historia ángel pitufos año 2701
1223,Semanas después llenas conocimientos experiencias desgastantes Alice Trilcinea abordan barco suministros clandestinos cuyo destino cárcel/catedral Bolivia Tiago muchas esperanzas
1224,Y así Trilci Alice descubren desastrosas realidades vida veces amantes cansan vivir
1225,96
1226,6/ De vuelta año 2018 Despierta O
1227,No déjalo duerma
1228,Que descanse ... Y voces difuminan distancia sueño
1229,No piensa intuye
1230,Estoy hospital
1231,Más menos despierta
1232,Se bonito efecto paz hongos terminan alucinaciones
1233,Alguien rescatado madriguera piensa
1234,¿Fuiste Alice
1235,El doctor enfermera hablan dándole espalda
1236,Tienen sombreros raros
1237,Dicen muriendo sobreviví caída examinaron contusiones descubrieron cáncer
1238,Yo entiendo hablan espaldas
1239,Conversan si escuchando
1240,Reúne todas energías llamarlos
1241,¡Doctor
1242,grito silencioso
1243,El doctor enfermera voltean
1244,El color caras azul intenso guantes rojos boxeo
1245,Lo miran sonrisa gigantesca petrificada
1246,Sin dejar sonteír dicen va bien bien
